Workbook
Name ZODYNAS: [1]Zodynas!$A$2:$B$239

Sheet U4B
A2: ctr shift + iterpti eilute | I2: 1. Lentelės sudarymo ir formatavimo pratimai
A3: formtavimo kopijavimas
I4: UAB "VAISIAI IR DARŽUVĖS" 2019 m. II-o ketvirčio pardavimai
I6: Kainininkas 1 | L6: Kainininkas 2
A8: UAB "VAISIAI IR DARŽUVĖS" 2019 m. II-o ketvirčio pardavimai | I8: Vaisių ir uogų kainos | L8: Daržovių kainos
D10: Kiekis, kg. | I10: Pavadinimas | J10: Kaina, Eur/kg | L10: Pavadinimas | M10: Kaina, Eur/kg
A11: Prekės kategorija | B11: Pavadinimas | C11: Kainos | D11: Vasaris | E11: Kovas | F11: Balandis | G11: Suma, Eur | I11: Apelsinai | J11: 0.9 | L11: Agurkai | M11: 1.5
A12: Vaisiai ir uogos | B12: Obuoliai | C12: 1.8 | D12: 230 | E12: 260 | F12: 248 | G12: =SUM(C12:F12) -> 739.8 | I12: Bananai | J12: 0.9 | L12: Bulvės | M12: 1
A13: Vaisiai ir uogos | B13: Kriaušės | C13: 0.99 | D13: 420 | E13: 405 | F13: 410 | G13: =SUM(C13:F13) -> 1235.99 | I13: Citrinos | J13: 1.5 | L13: Kopūstai | M13: 0.69
A14: Vaisiai ir uogos | B14: Slyvos | C14: 2.5 | D14: 180 | E14: 150 | F14: 165 | G14: =SUM(C14:F14) -> 497.5 | I14: Kiviai | J14: 1.99 | L14: Pomidorai | M14: 1.89
A15: Vaisiai ir uogos | B15: Vynuogės | C15: 3.5 | D15: 50 | E15: 56 | F15: 52 | G15: =SUM(C15:F15) -> 161.5 | I15: Kriaušės | J15: 0.99 | L15: Porai | M15: 2.8
A16: Vaisiai ir uogos | B16: Bananai | C16: 0.9 | D16: 150 | E16: 175 | F16: 164 | G16: =SUM(C16:F16) -> 489.9 | I16: Melionai | J16: 1.55 | L16: Raudonieji burokėliai | M16: 0.5
A17: Vaisiai ir uogos | B17: Citrinos | C17: 1.5 | D17: 30 | E17: 21 | F17: 27 | G17: =SUM(C17:F17) -> 79.5 | I17: Obuoliai | J17: 1.8 | L17: Svogūnai | M17: 1.3
A18: Vaisiai ir uogos | B18: Apelsinai | C18: 0.9 | D18: 120 | E18: 99 | F18: 110 | G18: =SUM(C18:F18) -> 329.9 | I18: Slyvos | J18: 2.5
A19: Vaisiai ir uogos | B19: Kiviai | C19: 1.99 | D19: 20 | E19: 35 | F19: 28 | G19: =SUM(C19:F19) -> 84.99 | I19: Vynuogės | J19: 3.5
A20: Vaisiai ir uogos | B20: Melionai | C20: 1.55 | D20: 45 | E20: 75 | F20: 63 | G20: =SUM(C20:F20) -> 184.55
A21: Vaisiai ir uogos suma: | C21: =SUM(C12:C20) -> 15.63 | D21: =SUM(D12:D20) -> 1245 | E21: =SUM(E12:E20) -> 1276 | F21: =SUM(F12:F20) -> 1267 | G21: =SUM(C21:F21) -> 3803.63
A22: Daržovės | B22: Bulvės | C22: 1 | D22: 450 | E22: 436 | F22: 452 | G22: =SUM(C22:F22) -> 1339
A23: Daržovės | B23: Kopūstai | C23: 0.69 | D23: 355 | E23: 305 | F23: 321 | G23: =SUM(C23:F23) -> 981.69
A24: Daržovės | B24: Raudonieji burokėliai | C24: 0.5 | D24: 80 | E24: 76 | F24: 75 | G24: =SUM(C24:F24) -> 231.5
A25: Daržovės | B25: Porai | C25: 2.8 | D25: 58 | E25: 63 | F25: 59 | G25: =SUM(C25:F25) -> 182.8
A26: Daržovės | B26: Svogūnai | C26: 1.3 | D26: 123 | E26: 152 | F26: 139 | G26: =SUM(C26:F26) -> 415.3
A27: Daržovės | B27: Agurkai | C27: 1.5 | D27: 86 | E27: 96 | F27: 95 | G27: =SUM(C27:F27) -> 278.5
A28: Daržovės | B28: Pomidorai | C28: 1.89 | D28: 113 | E28: 105 | F28: 120 | G28: =SUM(C28:F28) -> 339.89
A29: Daržovės suma: | C29: =SUM(C22:C28) -> 9.68 | D29: =SUM(D22:D28) -> 1265 | E29: =SUM(E22:E28) -> 1233 | F29: =SUM(F22:F28) -> 1261 | G29: =SUM(C29:F29) -> 3768.68
A30: Viso: | C30: =SUM(C21,C29) -> 25.31 | D30: =SUM(D21,D29) -> 2510 | E30: =SUM(E21,E29) -> 2509 | F30: =SUM(F21,F29) -> 2528 | G30: =SUM(C30:F30) -> 7572.31
I31: 2. FORMAT PAINTER pagalba perkelkite lentelės formatą į naują ataskaitą
I33: Sena ataskaita
J35: Prad. likutis | K35: Priimta | L35: Atiduota | M35: Gal. likutis
I36: Obuoliai | J36: 15 | K36: 150 | L36: 120 | M36: =+J36+K36-L36 -> 45
I37: Kriaušės | J37: 5 | K37: 100 | L37: 95 | M37: =+J37+K37-L37 -> 10
I38: Slyvos | J38: 12 | K38: 45 | L38: 50 | M38: =+J38+K38-L38 -> 7
I39: Viso: | J39: =SUM(J36:J38) -> 32 | K39: =SUM(K36:K38) -> 295 | L39: =SUM(L36:L38) -> 265 | M39: =SUM(M36:M38) -> 62
A42: Nauja ataskaita | I42: Nauja ataskaita
B44: Prad. likutis | C44: Priimta | D44: Atiduota | E44: Gal. likutis | J44: Prad. likutis | K44: Priimta | L44: Atiduota | M44: Gal. likutis
A45: Obuoliai | B45: 45 | C45: 120 | D45: 145 | E45: 20 | I45: Obuoliai | J45: =+M36 -> 45 | K45: 120 | L45: 145 | M45: =+J45+K45-L45 -> 20
A46: Kriaušės | B46: 10 | C46: 95 | D46: 100 | E46: 5 | I46: Kriaušės | J46: =+M37 -> 10 | K46: 95 | L46: 100 | M46: =+J46+K46-L46 -> 5
A47: Slyvos | B47: 7 | C47: 50 | D47: 45 | E47: 12 | I47: Slyvos | J47: =+M38 -> 7 | K47: 50 | L47: 45 | M47: =+J47+K47-L47 -> 12
A48: Viso: | B48: 62 | C48: 265 | D48: 290 | E48: 37 | I48: Viso: | J48: =SUM(J45:J47) -> 62 | K48: =SUM(K45:K47) -> 265 | L48: =SUM(L45:L47) -> 290 | M48: =+J48+K48-L48 -> 37

Sheet U4C
B1: U4C | C1: Aritmetiniai veiksmai (formulės) ir pagrindinės funkcijos;
B4: UAB VAISIAI IR DARŽUVĖS pardavimai
B5: ,
B7: Prekės kategorija | C7: Pavadinimas | D7: Kainos | E7: Kiekis, kg. | H7: Viso, kg | I7: Suma, Eur
E8: vasaris | F8: kovas | G8: balandis
B9: Vaisiai ir uogos | C9: Obuoliai | D9: 0.9 | E9: 250 | F9: 350 | G9: 410 | H9: =SUM(D9:G9) -> 1010.9 | I9: =D9*H9 -> 909.81
C10: Kriaušės | D10: 1.2 | G10: 410 | H10: =SUM(D10:G10) -> 411.2 | I10: =D10*H10 -> 493.44 | K10: SUM | L10: =SUM(D9:D17) -> 15.93
C11: Slyvos | D11: 1.5 | E11: 180 | F11: 150 | G11: 165 | H11: =SUM(D11:G11) -> 496.5 | I11: =D11*H11 -> 744.75 | K11: AVERAGE | L11: =AVERAGE(D9:D17) -> 1.77
C12: Vynuogės | D12: 1.99 | E12: 50 | F12: 56 | G12: 52 | H12: =SUM(D12:G12) -> 159.99 | I12: =D12*H12 -> 318.3801 | K12: COUNT | L12: =COUNT(E9:E17) -> 7 | M12: skaiciuoja visus skaiciais uzpildytus langelius
C13: Bananai | D13: 0.99 | E13: 150 | F13: 175 | G13: 164 | H13: =SUM(D13:G13) -> 489.99 | I13: =D13*H13 -> 485.0901 | K13: COUNTA | L13: =COUNTA(E9:E17) -> 7
C14: Citrinos | D14: 1.55 | E14: 30 | F14: 21 | G14: 27 | H14: =SUM(D14:G14) -> 79.55 | I14: =D14*H14 -> 123.3025 | K14: COUNTBLANK | L14: =COUNTBLANK(G9:G17) -> 1 | M14: suskaiciavo tuscius langelius
C15: Apelsinai | D15: 1.8 | E15: 120 | F15: 99 | G15: 110 | H15: =SUM(D15:G15) -> 330.8 | I15: =D15*H15 -> 595.44 | K15: MAX | L15: =MAX(D9:D17) -> 3.5
C16: Kiviai | D16: 2.5 | H16: =SUM(D16:G16) -> 2.5 | I16: =D16*H16 -> 6.25 | K16: MIN | L16: =MIN(D9:D17) -> 0.9
C17: Melionai | D17: 3.5 | E17: 45 | F17: 75 | G17: 63 | H17: =SUM(D17:G17) -> 186.5 | I17: =D17*H17 -> 652.75 | K17: LARGE | L17: =LARGE(D9:D17,1) -> 3.5 | M17: pirma pagal dydi kaina
B18: Vaisiai ir uogos viso: | D18: =SUM(D9:D17) -> 15.93 | E18: =SUM(E9:E17) -> 825 | F18: =SUM(F9:F17) -> 926 | G18: =SUM(G9:G17) -> 1401 | H18: =SUM(H9:H17) -> 3167.93 | I18: =D18*H18 -> 50465.125 | K18: SMALL | L18: =SMALL(D9:D17,2) -> 0.99 | M18: antra pagal mazuma kaina
B19: Daržovės | C19: Bulvės | D19: 1.5 | E19: 450 | F19: 436 | H19: =SUM(D19:G19) -> 887.5 | I19: =D19*H19 -> 1331.25
C20: Kopūstai | D20: 1 | E20: 355 | F20: 305 | G20: 321 | H20: =SUM(D20:G20) -> 982 | I20: =D20*H20 -> 982
C21: Raudonieji burokėliai | D21: 0.69 | F21: 76 | G21: 75 | H21: =SUM(D21:G21) -> 151.69 | I21: =D21*H21 -> 104.6661
C22: Porai | D22: 1.89 | E22: 58 | F22: 63 | G22: 59 | H22: =SUM(D22:G22) -> 181.89 | I22: =D22*H22 -> 343.7721
C23: Svogūnai | D23: 2.8 | E23: 123 | F23: 152 | G23: 139 | H23: =SUM(D23:G23) -> 416.8 | I23: =D23*H23 -> 1167.04
C24: Agurkai | D24: 0.5 | E24: 86 | F24: 96 | G24: 95 | H24: =SUM(D24:G24) -> 277.5 | I24: =D24*H24 -> 138.75
C25: Pomidorai | D25: 1.3 | E25: 113 | F25: 105 | G25: 120 | H25: =SUM(D25:G25) -> 339.3 | I25: =D25*H25 -> 441.09
B26: Daržovės viso: | D26: =SUM(D19:D25) -> 9.68 | E26: =SUM(E19:E25) -> 1185 | F26: =SUM(F19:F25) -> 1233 | G26: =SUM(G19:G25) -> 809 | H26: =SUM(H19:H25) -> 3236.68 | I26: =D26*H26 -> 31331.062
B27: Iš viso: | D27: =SUM(D26,D18) -> 25.61 | E27: =SUM(E26,E18) -> 2010 | F27: =SUM(F26,F18) -> 2159 | G27: =SUM(G26,G18) -> 2210 | H27: =SUM(H26,H18) -> 6404.61 | I27: =D27*H27 -> 164022.06
B29: Apvalinimas. Reikia vaisių ir daržovių kainas padidinti 15% ir suapvalinti įprasuoju būdu iki cento.
C31: Pavadinimas | D31: Kainos | E31: Didinimo % | F31: Naujos kainos
C33: Obuoliai | D33: 0.9 | E33: 0.15 | F33: =ROUND(D33+(D33*E33), 3) -> 1.035 | H33: ROUND
C34: Kriaušės | D34: 1.2 | E34: 0.15 | F34: =ROUND(D34+(D34*E34), 3) -> 1.38 | H34: ROUNDUP | I34: I DIDZIAJA PUSE
C35: Slyvos | D35: 1.5 | E35: 0.15 | F35: =ROUND(D35+(D35*E35), 3) -> 1.725 | H35: ROUNDDOWN | I35: I MAZAJA PUSE APVALINIMAS | L35: ROUNDUP | M35: ROUNDDOWN
C36: Vynogės | D36: 1.99 | E36: 0.15 | F36: =ROUND(D36+(D36*E36), 3) -> 2.289 | L36: =ROUNDUP(F33,2) -> 1.04 | M36: =ROUNDDOWN(F33,2) -> 1.03
C37: Bananai | D37: 0.99 | E37: 0.15 | F37: =ROUND(D37+(D37*E37), 3) -> 1.139 | L37: =ROUNDUP(F34,2) -> 1.38 | M37: =ROUNDDOWN(F34,2) -> 1.38
C38: Citrinos | D38: 1.55 | E38: 0.15 | F38: =ROUND(D38+(D38*E38), 3) -> 1.783 | L38: =ROUNDUP(F35,2) -> 1.73 | M38: =ROUNDDOWN(F35,2) -> 1.72
C39: Apelsinai | D39: 1.8 | E39: 0.15 | F39: =ROUND(D39+(D39*E39), 3) -> 2.07 | L39: =ROUNDUP(F36,2) -> 2.29 | M39: =ROUNDDOWN(F36,2) -> 2.28
C40: Kiviai | D40: 2.5 | E40: 0.15 | F40: =ROUND(D40+(D40*E40), 3) -> 2.875 | L40: =ROUNDUP(F37,2) -> 1.14 | M40: =ROUNDDOWN(F37,2) -> 1.13
C41: Melionai | D41: 3.5 | E41: 0.15 | F41: =ROUND(D41+(D41*E41), 3) -> 4.025 | L41: =ROUNDUP(F38,2) -> 1.79 | M41: =ROUNDDOWN(F38,2) -> 1.78
C42: Bulvės | D42: 1.5 | E42: 0.15 | F42: =ROUND(D42+(D42*E42), 3) -> 1.725 | L42: =ROUNDUP(F39,2) -> 2.07 | M42: =ROUNDDOWN(F39,2) -> 2.07
C43: Kopūstai | D43: 1 | E43: 0.15 | F43: =ROUND(D43+(D43*E43), 3) -> 1.15 | L43: =ROUNDUP(F40,2) -> 2.88 | M43: =ROUNDDOWN(F40,2) -> 2.87
C44: Raudonieji burokėliai | D44: 0.69 | E44: 0.15 | F44: =ROUND(D44+(D44*E44), 3) -> 0.794 | L44: =ROUNDUP(F41,2) -> 4.03 | M44: =ROUNDDOWN(F41,2) -> 4.02
C45: Porai | D45: 1.89 | E45: 0.15 | F45: =ROUND(D45+(D45*E45), 3) -> 2.174 | L45: =ROUNDUP(F42,2) -> 1.73 | M45: =ROUNDDOWN(F42,2) -> 1.72
C46: Svogūnai | D46: 2.8 | E46: 0.15 | F46: =ROUND(D46+(D46*E46), 3) -> 3.22 | L46: =ROUNDUP(F43,2) -> 1.15 | M46: =ROUNDDOWN(F43,2) -> 1.15
C47: Agurkai | D47: 0.5 | E47: 0.15 | F47: =ROUND(D47+(D47*E47), 3) -> 0.575 | L47: =ROUNDUP(F44,2) -> 0.8 | M47: =ROUNDDOWN(F44,2) -> 0.79
C48: Pomidorai | D48: 1.3 | E48: 0.15 | F48: =ROUND(D48+(D48*E48), 3) -> 1.495 | L48: =ROUNDUP(F45,2) -> 2.18 | M48: =ROUNDDOWN(F45,2) -> 2.17
L49: =ROUNDUP(F46,2) -> 3.22 | M49: =ROUNDDOWN(F46,2) -> 3.22
L50: =ROUNDUP(F47,2) -> 0.58 | M50: =ROUNDDOWN(F47,2) -> 0.57
L51: =ROUNDUP(F48,2) -> 1.5 | M51: =ROUNDDOWN(F48,2) -> 1.49

Sheet U5
B1: U5 | C1: Formulių kopijavimas, langelių formatai, koordinatės (santykinės, absoliučios, mišrios)
B3: 1. | C3: =("Nukopijuokite formules iš langelių H"&ROW(H11)&" ir I"&ROW(I11)&" žemyn visiems vaisiams ir uogoms. Išlaikykite buvusį langelių formatą") -> Nukopijuokite formules iš langelių H11 ir I11 žemyn visiems vaisiams ir uogoms. Išlaikykite buvusį langelių formatą
B4: 2. | C4: =("Užrašykite sumavimo funkciją (SUM) langelyje E"&ROW(E20)&" ir ją nukopijuokite visuose kituose lentelės stulpeliuose. Išlaikykite buvusį langelių formatą") -> Užrašykite sumavimo funkciją (SUM) langelyje E20 ir ją nukopijuokite visuose kituose lentelės stulpeliuose. Išlaikykite buvusį langelių formatą
B5: 3. | C5: =("Užrašykite sumavimo funkcijas langelių H"&ROW(H20)&" ir I"&ROW(I20)&" (SUM)") -> Užrašykite sumavimo funkcijas langelių H20 ir I20 (SUM)
B6: 4. | C6: =("Užrašykite sandaugų sumavimo funkciją SUMPRODUCT (daugindami kainų ir susumuotų kiekių stulpelius) langelyje I"&ROW(I22)&". Išlaikykite buvusį langelių formatą") -> Užrašykite sandaugų sumavimo funkciją SUMPRODUCT (daugindami kainų ir susumuotų kiekių stulpelius) langelyje I22. Išlaikykite buvusį langelių formatą
B8: Prekės kategorija | C8: Pavadinimas | D8: Kainos | E8: Kiekis, kg | H8: Iš viso, kg | I8: Suma, Eur
E10: vasaris | F10: kovas | G10: balandis
B11: Vaisiai ir uogos | C11: Obuoliai | D11: 0.9 | E11: 250 | F11: 350 | G11: 410 | H11: =SUM(D11:G11) -> 1010.9 | I11: =D11*H11 -> 909.81 | J11: 1
C12: Kriaušės | D12: 1.2 | G12: 410 | H12: =SUM(D12:G12) -> 411.2 | I12: =D12*H12 -> 493.44 | J12: 1
C13: Slyvos | D13: 1.5 | E13: 180 | F13: 150 | G13: 165 | H13: =SUM(D13:G13) -> 496.5 | I13: =D13*H13 -> 744.75 | J13: 1
C14: Vynuogės | D14: 1.99 | E14: 50 | F14: 56 | G14: 52 | H14: =SUM(D14:G14) -> 159.99 | I14: =D14*H14 -> 318.3801 | J14: 0
C15: Bananai | D15: 0.99 | E15: 150 | F15: 175 | G15: 164 | H15: =SUM(D15:G15) -> 489.99 | I15: =D15*H15 -> 485.0901 | J15: 1
C16: Citrinos | D16: 1.55 | E16: 30 | F16: 21 | G16: 27 | H16: =SUM(D16:G16) -> 79.55 | I16: =D16*H16 -> 123.3025 | J16: 1
C17: Apelsinai | D17: 1.8 | E17: 120 | F17: 99 | G17: 110 | H17: =SUM(D17:G17) -> 330.8 | I17: =D17*H17 -> 595.44 | J17: 0
C18: Kiviai | D18: 2.5 | H18: =SUM(D18:G18) -> 2.5 | I18: =D18*H18 -> 6.25 | J18: 1
C19: Melionai | D19: 3.5 | E19: 45 | F19: 75 | G19: 63 | H19: =SUM(D19:G19) -> 186.5 | I19: =D19*H19 -> 652.75 | J19: 1
B20: Vaisiai ir uogos iš viso: | E20: =SUM(E11:E19) -> 825 | F20: =SUM(F11:F19) -> 926 | G20: =SUM(G11:G19) -> 1401 | H20: =SUM(E20:G20) -> 3152 | I20: =SUM(I11:I19) -> 4329.2127
G22: SUMPRODUCT->> | I22: =SUMPRODUCT(D11:D19,H11:H19,J11:J19) -> 3415.3926
B24: 5. | C24: =("Įrašykite formulę į langelį J"&ROW(J34)&" ir nukopijuokite ją į dešinę per du langelius. Išlaikykite buvusį langelių formatą. Gausime neteisingas formulės kopijas. Jas pataisyti galėsime pakeitę nuorodos tipą (6 užd.)") -> Įrašykite formulę į langelį J34 ir nukopijuokite ją į dešinę per du langelius. Išlaikykite buvusį langelių formatą. Gausime neteisingas formulės kopijas. Jas pataisyti galėsime pakeitę nuorodos tipą (6 užd.)
B26: 6. | C26: =("Pakoreguokite formulę langelyje J"&ROW(J34)&" užfiksuodami reikiamus nuorodų elementus $ ženklu ir nukopijuokite ją į likusius vaisių ir daržovių langelius. Išlaikykite buvusį langelių formatą") -> Pakoreguokite formulę langelyje J34 užfiksuodami reikiamus nuorodų elementus $ ženklu ir nukopijuokite ją į likusius vaisių ir daržovių langelius. Išlaikykite buvusį langelių formatą
B28: 7. | C28: =("Parašykite formulę komisiniams skaičiuoti langelyje M"&ROW(M34)&", užfiksuokite reikiamus nuorodų elementus $ ženklu ir nukopijuokite ją į likusius vaisių ir daržovių langelius. Išlaikykite buvusį langelių formatą. Įrašykite likusias galutinių sumų formules. Išlaikykite buvusį langelių formatą") -> Parašykite formulę komisiniams skaičiuoti langelyje M34, užfiksuokite reikiamus nuorodų elementus $ ženklu ir nukopijuokite ją į likusius vaisių ir daržovių langelius. Išlaikykite buvusį langelių formatą. Įrašykite likusias galutinių sumų formules. Išlaikykite buvusį langelių formatą
B31: Prekės kategorija | C31: Pavadinimas | D31: Kainos | E31: Kiekis, kg | H31: Iš viso, kg | I31: Suma, Eur | J31: Suma, Eur | M31: Komisiniai, Eur | P31: d turi dolerio zenkla or 34 ne, d fiksuojame o pavadinimas keiciasi
M32: 0.15
E33: vasaris | F33: kovas | G33: balandis | J33: vasaris | K33: kovas | L33: balandis | M33: vasaris | N33: kovas | O33: balandis
B34: Vaisiai ir uogos | C34: Obuoliai | D34: 0.9 | E34: 250 | F34: 350 | G34: 410 | H34: =SUM(E34:G34) -> 1010 | I34: =+D34*H34 -> 909 | J34: =$D34*E34 -> 225 | K34: =$D34*F34 -> 315 | L34: =$D34*G34 -> 369 | M34: =$M$32*J34 -> 33.75 | N34: =$M$32*K34 -> 47.25 | O34: =$M$32*L34 -> 55.35
C35: Kriaušės | D35: 1.2 | G35: 410 | H35: =SUM(E35:G35) -> 410 | I35: =+D35*H35 -> 492 | J35: =$D35*E35 -> 0 | K35: =$D35*F35 -> 0 | L35: =$D35*G35 -> 492 | M35: =$M$32*J35 -> 0 | N35: =$M$32*K35 -> 0 | O35: =$M$32*L35 -> 73.8
C36: Slyvos | D36: 1.5 | E36: 180 | F36: 150 | G36: 165 | H36: =SUM(E36:G36) -> 495 | I36: =+D36*H36 -> 742.5 | J36: =$D36*E36 -> 270 | K36: =$D36*F36 -> 225 | L36: =$D36*G36 -> 247.5 | M36: =$M$32*J36 -> 40.5 | N36: =$M$32*K36 -> 33.75 | O36: =$M$32*L36 -> 37.125
C37: Vynuogės | D37: 1.99 | E37: 50 | F37: 56 | G37: 52 | H37: =SUM(E37:G37) -> 158 | I37: =+D37*H37 -> 314.42 | J37: =$D37*E37 -> 99.5 | K37: =$D37*F37 -> 111.44 | L37: =$D37*G37 -> 103.48 | M37: =$M$32*J37 -> 14.925 | N37: =$M$32*K37 -> 16.716 | O37: =$M$32*L37 -> 15.522
C38: Bananai | D38: 0.99 | E38: 150 | F38: 175 | G38: 164 | H38: =SUM(E38:G38) -> 489 | I38: =+D38*H38 -> 484.11 | J38: =$D38*E38 -> 148.5 | K38: =$D38*F38 -> 173.25 | L38: =$D38*G38 -> 162.36 | M38: =$M$32*J38 -> 22.275 | N38: =$M$32*K38 -> 25.9875 | O38: =$M$32*L38 -> 24.354
C39: Citrinos | D39: 1.55 | E39: 30 | F39: 21 | G39: 27 | H39: =SUM(E39:G39) -> 78 | I39: =+D39*H39 -> 120.9 | J39: =$D39*E39 -> 46.5 | K39: =$D39*F39 -> 32.55 | L39: =$D39*G39 -> 41.85 | M39: =$M$32*J39 -> 6.975 | N39: =$M$32*K39 -> 4.8825 | O39: =$M$32*L39 -> 6.2775
C40: Apelsinai | D40: 1.8 | E40: 120 | F40: 99 | G40: 110 | H40: =SUM(E40:G40) -> 329 | I40: =+D40*H40 -> 592.2 | J40: =$D40*E40 -> 216 | K40: =$D40*F40 -> 178.2 | L40: =$D40*G40 -> 198 | M40: =$M$32*J40 -> 32.4 | N40: =$M$32*K40 -> 26.73 | O40: =$M$32*L40 -> 29.7
C41: Kiviai | D41: 2.5 | H41: =SUM(E41:G41) -> 0 | I41: =+D41*H41 -> 0 | J41: =$D41*E41 -> 0 | K41: =$D41*F41 -> 0 | L41: =$D41*G41 -> 0 | M41: =$M$32*J41 -> 0 | N41: =$M$32*K41 -> 0 | O41: =$M$32*L41 -> 0
C42: Melionai | D42: 3.5 | E42: 45 | F42: 75 | G42: 63 | H42: =SUM(E42:G42) -> 183 | I42: =+D42*H42 -> 640.5 | J42: =$D42*E42 -> 157.5 | K42: =$D42*F42 -> 262.5 | L42: =$D42*G42 -> 220.5 | M42: =$M$32*J42 -> 23.625 | N42: =$M$32*K42 -> 39.375 | O42: =$M$32*L42 -> 33.075
B43: Vaisiai ir uogos iš viso: | D43: =SUM(D34:D42) -> 15.93 | E43: =SUM(E34:E42) -> 825 | F43: =SUM(F34:F42) -> 926 | G43: =SUM(G34:G42) -> 1401 | H43: =SUM(H34:H42) -> 3152 | I43: =SUM(I34:I42) -> 4295.63 | J43: =SUM(J34:J42) -> 1163 | K43: =SUM(K34:K42) -> 1297.94 | ... O43: =SUM(O34:O42) -> 275.2035
B45: 8. | C45: =("Langelyje D"&ROW(D48)&" įrašykite formulę su nuorodų fiksavimu taip, kad ją nukopijavę į likusius 99 langelius gautume daugybos lentelę ") -> Langelyje D48 įrašykite formulę su nuorodų fiksavimu taip, kad ją nukopijavę į likusius 99 langelius gautume daugybos lentelę
D47: 1 | E47: 2 | F47: 3 | G47: 4 | H47: 5 | I47: 6 | J47: 7 | K47: 8 | L47: 9 | M47: 10
C48: 1 | D48: =$C48*D$47 -> 1 | E48: =$C48*E$47 -> 2 | F48: =$C48*F$47 -> 3 | G48: =$C48*G$47 -> 4 | H48: =$C48*H$47 -> 5 | I48: =$C48*I$47 -> 6 | J48: =$C48*J$47 -> 7 | K48: =$C48*K$47 -> 8 | ... M48: =$C48*M$47 -> 10
C49: 2 | D49: =$C49*D$47 -> 2 | E49: =$C49*E$47 -> 4 | F49: =$C49*F$47 -> 6 | G49: =$C49*G$47 -> 8 | H49: =$C49*H$47 -> 10 | I49: =$C49*I$47 -> 12 | J49: =$C49*J$47 -> 14 | K49: =$C49*K$47 -> 16 | ... M49: =$C49*M$47 -> 20
C50: 3 | D50: =$C50*D$47 -> 3 | E50: =$C50*E$47 -> 6 | F50: =$C50*F$47 -> 9 | G50: =$C50*G$47 -> 12 | H50: =$C50*H$47 -> 15 | I50: =$C50*I$47 -> 18 | J50: =$C50*J$47 -> 21 | K50: =$C50*K$47 -> 24 | ... M50: =$C50*M$47 -> 30
C51: 4 | D51: =$C51*D$47 -> 4 | E51: =$C51*E$47 -> 8 | F51: =$C51*F$47 -> 12 | G51: =$C51*G$47 -> 16 | H51: =$C51*H$47 -> 20 | I51: =$C51*I$47 -> 24 | J51: =$C51*J$47 -> 28 | K51: =$C51*K$47 -> 32 | ... M51: =$C51*M$47 -> 40
C52: 5 | D52: =$C52*D$47 -> 5 | E52: =$C52*E$47 -> 10 | F52: =$C52*F$47 -> 15 | G52: =$C52*G$47 -> 20 | H52: =$C52*H$47 -> 25 | I52: =$C52*I$47 -> 30 | J52: =$C52*J$47 -> 35 | K52: =$C52*K$47 -> 40 | ... M52: =$C52*M$47 -> 50
C53: 6 | D53: =$C53*D$47 -> 6 | E53: =$C53*E$47 -> 12 | F53: =$C53*F$47 -> 18 | G53: =$C53*G$47 -> 24 | H53: =$C53*H$47 -> 30 | I53: =$C53*I$47 -> 36 | J53: =$C53*J$47 -> 42 | K53: =$C53*K$47 -> 48 | ... M53: =$C53*M$47 -> 60
C54: 7 | D54: =$C54*D$47 -> 7 | E54: =$C54*E$47 -> 14 | F54: =$C54*F$47 -> 21 | G54: =$C54*G$47 -> 28 | H54: =$C54*H$47 -> 35 | I54: =$C54*I$47 -> 42 | J54: =$C54*J$47 -> 49 | K54: =$C54*K$47 -> 56 | ... M54: =$C54*M$47 -> 70
C55: 8 | D55: =$C55*D$47 -> 8 | E55: =$C55*E$47 -> 16 | F55: =$C55*F$47 -> 24 | G55: =$C55*G$47 -> 32 | H55: =$C55*H$47 -> 40 | I55: =$C55*I$47 -> 48 | J55: =$C55*J$47 -> 56 | K55: =$C55*K$47 -> 64 | ... M55: =$C55*M$47 -> 80
C56: 9 | D56: =$C56*D$47 -> 9 | E56: =$C56*E$47 -> 18 | F56: =$C56*F$47 -> 27 | G56: =$C56*G$47 -> 36 | H56: =$C56*H$47 -> 45 | I56: =$C56*I$47 -> 54 | J56: =$C56*J$47 -> 63 | K56: =$C56*K$47 -> 72 | ... M56: =$C56*M$47 -> 90
C57: 10 | D57: =$C57*D$47 -> 10 | E57: =$C57*E$47 -> 20 | F57: =$C57*F$47 -> 30 | G57: =$C57*G$47 -> 40 | H57: =$C57*H$47 -> 50 | I57: =$C57*I$47 -> 60 | J57: =$C57*J$47 -> 70 | K57: =$C57*K$47 -> 80 | ... M57: =$C57*M$47 -> 100

Sheet U6
B1: U6 | C1: Sąlyginis formatavimas (CONDITIONAL FORMATTING);
B3: Langelių paryškinimas
B4: 1. | C4: Pasirinkite tokį sąlyginį kainos formatą, kuris paryškina kainas, didesnes kaip 100 Eur
B5: 2. | C5: Papildykite formatavimo sąlygas su kainos, mažesnės kaip 150 Eur, paryškinimu
B6: 3. | C6: Formatavimo ypatumai, jei formatavimo kriterijai persidengia
B7: 4. | C7: Papildykite formatavimo sąlygas, pagal kurias būtų paryškinti šaldytuvų pardavimai
B8: 5. | C8: Papildykite formatavimo sąlygas, pagal kurias būtų paryškinti pasikartojantys duomenų įrašai (sąskaitų numeriai)
B9: 6. | C9: Tarkime, šiandien 2019-06-01. Paryškinkite datas, kurioms sąskaitos jau turėjo būti apmokėtos
B10: 7. | C10: Pakeiskite formatavimo sąlygas taip, kad būtų galima keisti formatavimo ribines reikšmes be formatavimo komandos perdarymo
E11: Kainos > | F11: 100
E12: Kainos < | F12: 150
E13: Prekė | F13: Dulkių siurblys
B15: Data | C15: Sąskaita | D15: Prekė | E15: Pardavėjas | F15: Kaina | G15: Apmokėti iki | H15: Patvirtinimas
B16: 43587 | C16: SF-030590 | D16: Skalbimo mašina SAMSUNG | E16: Petras | F16: 310 | G16: =+B16+5 -> 43592 | H16: Apmokėta
B17: 43605 | C17: SF-030608 | D17: Dulkių siurblys SAMSUNG | E17: Jonas | F17: 150 | G17: =+B17+5 -> 43610 | H17: Apmokėta
B18: 43607 | C18: SF-030611 | D18: Skalbimo mašina WHIRPOOL | E18: Jonas | F18: 275 | G18: =+B18+5 -> 43612
B19: 43591 | C19: SF-030594 | D19: Skalbimo mašina SAMSUNG | E19: Jonas | F19: 310 | G19: =+B19+5 -> 43596 | H19: Apmokėta
B20: 43613 | C20: SF-030618 | D20: Skalbimo mašina WHIRPOOL | E20: Antanas | F20: 275 | G20: =+B20+5 -> 43618
B21: 43601 | C21: SF-030605 | D21: Skalbimo mašina BEKO | E21: Jonas | F21: 260 | G21: =+B21+5 -> 43606 | H21: Apmokėta
B22: 43587 | C22: SF-030589 | D22: Šaldytuvas ZANUSSI | E22: Antanas | F22: 140 | G22: =+B22+5 -> 43592 | H22: Apmokėta
B23: 43608 | C23: SF-030614 | D23: Dulkių siurblys DAEWOO | E23: Jonas | F23: 33 | G23: =+B23+5 -> 43613
B24: 43608 | C24: SF-030612 | D24: Šaldytuvas SNAIGĖ | E24: Petras | F24: 150 | G24: =+B24+5 -> 43613 | H24: Apmokėta
B25: 43606 | C25: SF-030609 | D25: Dulkių siurblys DAEWOO | E25: Jonas | F25: 33 | G25: =+B25+5 -> 43611
B26: 43616 | C26: SF-030622 | D26: Dulkių siurblys SENCOR | E26: Antanas | F26: 55 | G26: =+B26+5 -> 43621
B27: 43599 | C27: SF-030603 | D27: Skalbimo mašina ZANUSSI | E27: Jonas | F27: 230 | G27: =+B27+5 -> 43604 | H27: Apmokėta
B28: 43612 | C28: SF-030617 | D28: Skalbimo mašina BEKO | E28: Petras | F28: 260 | G28: =+B28+5 -> 43617 | H28: Apmokėta
B29: 43594 | C29: SF-030598 | D29: Šaldytuvas SAMSUNG | E29: Jonas | F29: 460 | G29: =+B29+5 -> 43599 | H29: Apmokėta
B30: 43588 | C30: SF-030592 | D30: Dulkių siurblys PHILIPS | E30: Antanas | F30: 235 | G30: =+B30+5 -> 43593 | H30: Apmokėta
B31: 43615 | C31: SF-030621 | D31: Dulkių siurblys DAEWOO | E31: Petras | F31: 33 | G31: =+B31+5 -> 43620
B32: 43601 | C32: SF-030604 | D32: Skalbimo mašina GORENJE | E32: Petras | F32: 250 | G32: =+B32+5 -> 43606 | H32: Apmokėta
B33: 43594 | C33: SF-030596 | D33: Šaldytuvas ZANUSSI | E33: Petras | F33: 140 | G33: =+B33+5 -> 43599 | H33: Apmokėta
B34: 43615 | C34: SF-030620 | D34: Dulkių siurblys SAMSUNG | E34: Petras | F34: 150 | G34: =+B34+5 -> 43620
B35: 43614 | C35: SF-030619 | D35: Dulkių siurblys PHILIPS | E35: Petras | F35: 235 | G35: =+B35+5 -> 43619 | H35: Apmokėta
B36: 43588 | C36: SF-030593 | D36: Dulkių siurblys DAEWOO | E36: Antanas | F36: 33 | G36: =+B36+5 -> 43593 | H36: Apmokėta
B37: 43598 | C37: SF-030600 | D37: Šaldytuvas SNAIGĖ | E37: Antanas | F37: 150 | G37: =+B37+5 -> 43603 | H37: Apmokėta
B38: 43612 | C38: SF-030617 | D38: Skalbimo mašina BEKO | E38: Petras | F38: 260 | G38: =+B38+5 -> 43617
B39: 43594 | C39: SF-030597 | D39: Šaldytuvas LG | E39: Antanas | F39: 1100 | G39: =+B39+5 -> 43599 | H39: Apmokėta
B40: 43612 | C40: SF-030616 | D40: Dulkių siurblys PHILIPS | E40: Antanas | F40: 235 | G40: =+B40+5 -> 43617
B41: 43609 | C41: SF-030615 | D41: Šaldytuvas SNAIGĖ | E41: Antanas | F41: 150 | G41: =+B41+5 -> 43614
B42: 43598 | C42: SF-030601 | D42: Šaldytuvas BEKO | E42: Petras | F42: 190 | G42: =+B42+5 -> 43603 | H42: Apmokėta
B43: 43602 | C43: SF-030607 | D43: Dulkių siurblys PHILIPS | E43: Petras | F43: 235 | G43: =+B43+5 -> 43607 | H43: Apmokėta
B44: 43608 | C44: SF-030613 | D44: Skalbimo mašina WHIRPOOL | E44: Antanas | F44: 275 | G44: =+B44+5 -> 43613 | H44: Apmokėta
B45: 43599 | C45: SF-030602 | D45: Skalbimo mašina SAMSUNG | E45: Petras | F45: 310 | G45: =+B45+5 -> 43604 | H45: Apmokėta
B46: 43606 | C46: SF-030610 | D46: Dulkių siurblys SENCOR | E46: Petras | F46: 55 | G46: =+B46+5 -> 43611
B47: 43588 | C47: SF-030591 | D47: Skalbimo mašina GORENJE | E47: Antanas | F47: 250 | G47: =+B47+5 -> 43593 | H47: Apmokėta
B48: 43601 | C48: SF-030606 | D48: Skalbimo mašina WHIRPOOL | E48: Petras | F48: 275 | G48: =+B48+5 -> 43606
B49: 43595 | C49: SF-030599 | D49: Šaldytuvas ZANUSSI | E49: Jonas | F49: 140 | G49: =+B49+5 -> 43600 | H49: Apmokėta
B50: 43592 | C50: SF-030595 | D50: Šaldytuvas SAMSUNG | E50: Antanas | F50: 460 | G50: =+B50+5 -> 43597 | H50: Apmokėta
B52: Visos eilutės paryškinimas
B53: 8. | C53: Tarkime, šiandien 2019-06-01. Paryškinkite datas, kurioms sąskaitos jau turėjo būti apmokėtos
C55: Data < | D55: 43617 | F55: Rakt.form. | G55: =+"$G"&ROW(G58)&"<$D$"&ROW(D55) -> $G58<$D$55
B57: Data | C57: Sąskaita | D57: Prekė | E57: Pardavėjas | F57: Kaina | G57: Apmokėti iki | H57: Patvirtinimas
B58: 43587 | C58: SF-030590 | D58: Skalbimo mašina SAMSUNG | E58: Petras | F58: 310 | G58: =+B58+5 -> 43592 | H58: Apmokėta | X58: =+S58+5 -> 5
B59: 43605 | C59: SF-030608 | D59: Dulkių siurblys SAMSUNG | E59: Jonas | F59: 150 | G59: =+B59+5 -> 43610 | H59: Apmokėta
B60: 43607 | C60: SF-030611 | D60: Skalbimo mašina WHIRPOOL | E60: Jonas | F60: 275 | G60: =+B60+5 -> 43612 | H60: Apmokėta
B61: 43591 | C61: SF-030594 | D61: Skalbimo mašina SAMSUNG | E61: Jonas | F61: 310 | G61: =+B61+5 -> 43596 | H61: Apmokėta
B62: 43613 | C62: SF-030618 | D62: Skalbimo mašina WHIRPOOL | E62: Antanas | F62: 275 | G62: =+B62+5 -> 43618
B63: 43601 | C63: SF-030605 | D63: Skalbimo mašina BEKO | E63: Jonas | F63: 260 | G63: =+B63+5 -> 43606 | H63: Apmokėta
B64: 43587 | C64: SF-030589 | D64: Šaldytuvas ZANUSSI | E64: Antanas | F64: 140 | G64: =+B64+5 -> 43592 | H64: Apmokėta
B65: 43608 | C65: SF-030614 | D65: Dulkių siurblys DAEWOO | E65: Jonas | F65: 33 | G65: =+B65+5 -> 43613
B66: 43608 | C66: SF-030612 | D66: Šaldytuvas SNAIGĖ | E66: Petras | F66: 150 | G66: =+B66+5 -> 43613 | H66: Apmokėta
B67: 43606 | C67: SF-030609 | D67: Dulkių siurblys DAEWOO | E67: Jonas | F67: 33 | G67: =+B67+5 -> 43611
B68: 43616 | C68: SF-030622 | D68: Dulkių siurblys SENCOR | E68: Antanas | F68: 55 | G68: =+B68+5 -> 43621
B69: 43599 | C69: SF-030603 | D69: Skalbimo mašina ZANUSSI | E69: Jonas | F69: 230 | G69: =+B69+5 -> 43604 | H69: Apmokėta
B70: 43612 | C70: SF-030617 | D70: Skalbimo mašina BEKO | E70: Petras | F70: 260 | G70: =+B70+5 -> 43617 | H70: Apmokėta
B71: 43594 | C71: SF-030598 | D71: Šaldytuvas SAMSUNG | E71: Jonas | F71: 460 | G71: =+B71+5 -> 43599 | H71: Apmokėta
B72: 43588 | C72: SF-030592 | D72: Dulkių siurblys PHILIPS | E72: Antanas | F72: 235 | G72: =+B72+5 -> 43593 | H72: Apmokėta
B73: 43615 | C73: SF-030621 | D73: Dulkių siurblys DAEWOO | E73: Petras | F73: 33 | G73: =+B73+5 -> 43620
B74: 43601 | C74: SF-030604 | D74: Skalbimo mašina GORENJE | E74: Petras | F74: 250 | G74: =+B74+5 -> 43606 | H74: Apmokėta
B75: 43594 | C75: SF-030596 | D75: Šaldytuvas ZANUSSI | E75: Petras | F75: 140 | G75: =+B75+5 -> 43599 | H75: Apmokėta
B76: 43615 | C76: SF-030620 | D76: Dulkių siurblys SAMSUNG | E76: Petras | F76: 150 | G76: =+B76+5 -> 43620
B77: 43614 | C77: SF-030619 | D77: Dulkių siurblys PHILIPS | E77: Petras | F77: 235 | G77: =+B77+5 -> 43619 | H77: Apmokėta
B78: 43588 | C78: SF-030593 | D78: Dulkių siurblys DAEWOO | E78: Antanas | F78: 33 | G78: =+B78+5 -> 43593 | H78: Apmokėta
B79: 43598 | C79: SF-030600 | D79: Šaldytuvas SNAIGĖ | E79: Antanas | F79: 150 | G79: =+B79+5 -> 43603 | H79: Apmokėta
B80: 43612 | C80: SF-030617 | D80: Skalbimo mašina BEKO | E80: Petras | F80: 260 | G80: =+B80+5 -> 43617
B81: 43594 | C81: SF-030597 | D81: Šaldytuvas LG | E81: Antanas | F81: 1100 | G81: =+B81+5 -> 43599 | H81: Apmokėta
B82: 43612 | C82: SF-030616 | D82: Dulkių siurblys PHILIPS | E82: Antanas | F82: 235 | G82: =+B82+5 -> 43617
B83: 43609 | C83: SF-030615 | D83: Šaldytuvas SNAIGĖ | E83: Antanas | F83: 150 | G83: =+B83+5 -> 43614
B84: 43598 | C84: SF-030601 | D84: Šaldytuvas BEKO | E84: Petras | F84: 190 | G84: =+B84+5 -> 43603 | H84: Apmokėta
B85: 43602 | C85: SF-030607 | D85: Dulkių siurblys PHILIPS | E85: Petras | F85: 235 | G85: =+B85+5 -> 43607 | H85: Apmokėta
B86: 43608 | C86: SF-030613 | D86: Skalbimo mašina WHIRPOOL | E86: Antanas | F86: 275 | G86: =+B86+5 -> 43613 | H86: Apmokėta
B87: 43599 | C87: SF-030602 | D87: Skalbimo mašina SAMSUNG | E87: Petras | F87: 310 | G87: =+B87+5 -> 43604 | H87: Apmokėta
B88: 43606 | C88: SF-030610 | D88: Dulkių siurblys SENCOR | E88: Petras | F88: 55 | G88: =+B88+5 -> 43611
B89: 43588 | C89: SF-030591 | D89: Skalbimo mašina GORENJE | E89: Antanas | F89: 250 | G89: =+B89+5 -> 43593 | H89: Apmokėta
B90: 43601 | C90: SF-030606 | D90: Skalbimo mašina WHIRPOOL | E90: Petras | F90: 275 | G90: =+B90+5 -> 43606
B91: 43595 | C91: SF-030599 | D91: Šaldytuvas ZANUSSI | E91: Jonas | F91: 140 | G91: =+B91+5 -> 43600 | H91: Apmokėta
B92: 43592 | C92: SF-030595 | D92: Šaldytuvas SAMSUNG | E92: Antanas | F92: 460 | G92: =+B92+5 -> 43597 | H92: Apmokėta

Sheet U6A
B1: U6A | C1: Sąlyginis formatavimas (CONDITIONAL FORMATTING);
B3: 8. | C3: Sąlyginio formatavimo formulėmis sudarykite darbų vizualinį grafiką.
B5: Procesas | C5: Proceso trukmė dienomis | D5: Proceso pradžia | E5: Proceso pabaiga | F5: 2019 m. sausio mėnuo
F6: =+D7 -> 43467 | G6: =+F6+1 -> 43468 | H6: =+G6+1 -> 43469 | I6: =+H6+1 -> 43470 | J6: =+I6+1 -> 43471 | K6: =+J6+1 -> 43472 | L6: =+K6+1 -> 43473 | M6: =+L6+1 -> 43474 | N6: =+M6+1 -> 43475 | ... AH6: =+AG6+1 -> 43495
B7: Apsirūpinimas m-gomis | C7: 3 | D7: 43467 | E7: =+D7+C7 -> 43470
B8: Metalo konstrukcijų montavimas | C8: 4 | D8: =+E7+1 -> 43471 | E8: =+D8+C8 -> 43475
B9: Vamzdynų klojimas, virinimas | C9: 7 | D9: =+E8+1 -> 43476 | E9: =+D9+C9 -> 43483
B10: Technologinių aparatų montavimas | C10: 6 | D10: =+E9+1 -> 43484 | E10: =+D10+C10 -> 43490
B11: Darbų kokybės tikrinimas | C11: 2 | D11: =+E10+1 -> 43491 | E11: =+D11+C11 -> 43493
C13: Duomenys, kuriuos reikia įvesti/pakeisti gelsvuose langeliuose
C14: Duomenys šiuose langeliuose yra datos, CUSTOM formate
C16: Rakt. form. | D16: =+"AND(F$"&ROW(F6)&">=$D"&ROW(D7)&";F$"&ROW(F6)&"<=$E"&ROW(E7)&")" -> AND(F$6>=$D7;F$6<=$E7)
F34: ­

Sheet U7
A1: U7 | B1: Duomenų sekos, paieška/pakeitimas, rūšiavimas, filtravimas (sudėtingasis filtravimas), SUBTOTAL
A3: 1. | B3: Naudodami automatinio duomenų įvedimo įrankį nukopijuokite šiuos duomenis žemyn ir į dešinę. Atlikite tai su FILL (DOWN, RIGHT, ...) įrankiu (HOME->EDITING->FILL PAGRINDINIS->REDAGAVIMAS->UŽPILDYTI)
B6: Skaičius
B7: 10 | C7: 10 | D7: 10 | E7: 10
B8: 10 | C8: 10 | D8: 10 | E8: 10
B9: 10 | C9: Tekstas | D9: Tekstas | E9: Tekstas
B10: 10 | C10: Prekė | D10: Tekstas | E10: Tekstas
B11: 10 | C11: Prekė | D11: Tekstas | E11: Tekstas
B12: 10 | C12: Prekė | D12: Tekstas | E12: Tekstas
B13: 10 | C13: Prekė | D13: Prekė 11 | E13: Tekstas
B14: 10 | C14: Prekė | D14: Prekė 12 | E14: Tekstas
B15: 10 | C15: Prekė | D15: Prekė 13 | E15: Data
B16: 10 | C16: Prekė | D16: Prekė 14 | E16: 43658
B17: 10 | C17: Prekė | D17: Prekė 15 | E17: 43659
A19: 2. | B19: Kopijavimo žemyn būdu nukopijuokite šias sekas žemyn per 5 eilutes
B21: 10 | C21: 43466 | D21: 43466 | E21: 43466
B22: 8 | C22: 43475 | D22: 43497 | E22: 43831
A29: 3. | B29: Naudodamiesi SERIES SEKA įrankiu sudarykite datų seką žemyn, kurioje būtų kas antra mėnesio darbo diena
B30: 43647 | C30: 43831
B31: 43649 | C31: 43922
B32: 43651 | C32: 44013
B33: 43653 | C33: 44105
B34: 43655 | C34: 44197
B35: 43657 | C35: 44287
B36: 43659 | C36: 44378
B37: 43661 | C37: 44470
B38: 43663 | C38: 44562
B39: 43665 | C39: 44652
B40: 43667
B41: 43669
B42: 43671
A43: 4. | B43: Nukopijuokite duomenis dešinėn | F43: FILE-OPTIONS-ADVANCED-EDIT CUSTOM LIST
B44: January | C44: February | D44: March | E44: April | F44: How to copy a list and add it to make it outomatic
B45: Jan | C45: Feb | D45: Mar | E45: Apr
B46: Monday | C46: Tuesday | D46: Wednesday | E46: Thursday
B47: Mon | C47: Tue | D47: Wed | E47: Thu
B48: Pr | C48: Pr | D48: Pr | E48: Pr
B49: Pirmadienis | C49: Pirmadienis | D49: Pirmadienis | E49: Pirmadienis
B50: Saus | C50: Saus | D50: Saus | E50: Saus
A52: 5. | B52: Užpildykite kelis prekių užsakymus pasinaudodami automatiškai sudaromais sąrašais (PICK UP FROM DROP-DOWN LIST IŠSIRINKTI IŠ IŠPLEČIAMOJO SĄRAŠO)
C54: Pirkėjas | D54: Prekė | E54: Kiekis, t
C55: UAB "Aibė" | D55: Bulvės | E55: 7.2 | F55: insert subtotal
C56: UAB "Aibė" | D56: Bulvės | E56: 2.5 | F56: right click pick from drop down list
C57: UAB "Aibė" Total | E57: =SUBTOTAL(9,E55:E56) -> 9.7
C58: UAB "Maksima" | D58: Bulvės | E58: 1.6
C59: UAB "Maksima" | D59: Bulvės | E59: 5.2
C60: UAB "Maksima" Total | E60: =SUBTOTAL(9,E58:E59) -> 6.8
C61: UAB "Aibė" | D61: Burokėliai | E61: 6.2
C62: UAB "Aibė" Total | E62: =SUBTOTAL(9,E61:E61) -> 6.2
C63: UAB "Maksima" | D63: Burokėliai | E63: 0.5
C64: UAB "Maksima" Total | E64: =SUBTOTAL(9,E63:E63) -> 0.5
C65: UAB "NORFA" | D65: Burokėliai | E65: 1.5
C66: UAB "NORFA" Total | E66: =SUBTOTAL(9,E65:E65) -> 1.5
C67: UAB "Aibė" | D67: Kopūstai | E67: 2.4
C68: UAB "Aibė" Total | E68: =SUBTOTAL(9,E67:E67) -> 2.4
C69: UAB "Maksima" | D69: Kopūstai | E69: 5
C70: UAB "Maksima" Total | E70: =SUBTOTAL(9,E69:E69) -> 5
C71: UAB "NORFA" | D71: Kopūstai | E71: 1.7
C72: UAB "NORFA" | D72: Kopūstai | E72: 2.8
C73: UAB "NORFA" Total | E73: =SUBTOTAL(9,E71:E72) -> 4.5
C74: UAB "Maksima" | D74: Burokėliai
C75: UAB "Maksima" Total | E75: =SUBTOTAL(9,E74:E74) -> 0
C76: Grand Total | E76: =SUBTOTAL(9,E55:E74) -> 36.6
A80: 6. | B80: 5 užduoties lentelėje surūšiuokite naudodamiesi CUSTOM SORT PASIRINKTINIS RŪŠIAVIMAS įrankiu lentelės įrašus pagal pirkėją abėcėlės tvarka ir kiekius mažėjančia tvarka
A82: 7. | B82: Naudodamiesi 5 užduoties Įrankiu SUBTOTAL TARPINĖ SUMA apskaičiuokite kiekvieno prekybos tinklo nupirktų daržovių kiekį
A84: 8. | B84: Naudodami CUSTOM SORT PASIRINKTINIS RŪŠIAVIMAS įrankį, surūšiuokite žemiau esančio duomenų masyvo duomenis taip, kad pierkėjai jame būtų sudėlioti abėcėlės tvarka, o kiekvieno pirkėjo nupirkta produkcija taip pat būtų sudėliota abėcėlės tvarka, o to paties pavadinimo prekių kiekiai būtų matomi nuo mažiausio iki didžiausio.
C87: Pirkėjas | D87: Prekė | E87: Kiekis, t | G87: naudoti funkcija sort | S87: Pirkėjas | T87: Prekė | U87: Kiekis, t
C88: UAB "Aibė" | D88: Bulvės | E88: 5.6 | S88: UAB "Aibė" | T88: Bulvės | U88: 5.6
C89: UAB "Aibė" | D89: Bulvės | E89: 7.6 | S89: UAB "NORFA" | T89: Burokėliai | U89: 9.5
C90: UAB "Aibė" | D90: Bulvės | E90: 15 | S90: UAB "NORFA" | T90: Bulvės | U90: 14.7
C91: UAB "Aibė" | D91: Burokėliai | E91: 8.5 | S91: UAB "NORFA" | T91: Bulvės | U91: 6.6
C92: UAB "Aibė" | D92: Burokėliai | E92: 8.6 | S92: UAB "Maksima" | T92: Burokėliai | U92: 16.5
C93: UAB "Aibė" | D93: Burokėliai | E93: 9.3 | S93: UAB "Aibė" | T93: Bulvės | U93: 15
C94: UAB "Aibė" | D94: Kopūstai | E94: 6.1 | S94: UAB "Maksima" | T94: Burokėliai | U94: 6.9
C95: UAB "Aibė" | D95: Kopūstai | E95: 17.8 | S95: UAB "NORFA" | T95: Kopūstai | U95: 16.7
C96: UAB "Aibė" | D96: Kopūstai | E96: 19 | S96: UAB "Aibė" | T96: Kopūstai | U96: 6.1
C97: UAB "Maksima" | D97: Bulvės | E97: 7.6 | S97: UAB "NORFA" | T97: Burokėliai | U97: 5.5
C98: UAB "Maksima" | D98: Bulvės | E98: 11.3 | S98: UAB "Maksima" | T98: Kopūstai | U98: 12.8
C99: UAB "Maksima" | D99: Bulvės | E99: 13.6 | S99: UAB "Aibė" | T99: Kopūstai | U99: 17.8
... C114: UAB "NORFA" | D114: Kopūstai | E114: 16.7 | S114: UAB "NORFA" | T114: Burokėliai | U114: 18

Sheet U7A
B1: U7A | C1: Duomenų sekos, paieška/pakeitimas, rūšiavimas, filtravimas (sudėtingasis filtravimas), SUBTOTAL
B3: 9. | C3: Lentelėje apačioje sudarykite filtrą, kuriuo naudodamiesi pamatytumėte visas 2018 m. sausio mėnesį "Rokiškio pieno" patiektas prekes.
B4: 10. | C4: Naudodami datos filtrus pakeiskite filtravimo kriterijų į bet kurių metų sausio mėnesius DATE FILTERS->ALL DATES IN THE PERIOD->JANUARY DATŲ FILTRAI->VISOS LAIKOTARPIO DATOS->SAUSIS.
B5: 11. | C5: Naudodami CUSTOM FILTER PASIRINKTINĮ FILTRĄ nustatytus filtravimo kriterijus papildykite dar vienu: rodyti tik tuos duomenis, kuriuose kiekis yra >=20 ir <=30.
B6: 12. | C6: Naudodami funkciją SUBTOTAL gaukite matomų ekrane filtruotų duomenų skaičiavimus (SUM, MIN, MAX, AVERAGE, COUNT) kiekiams ir pinigų sumoms:
F7: Suma, Eur | H7: Suma, Eur
E8: SUM | F8: =SUM(H289:H312) -> 551.87 | H8: =SUBTOTAL(9,H289:H312) -> 551.87 | J8: Suma | M8: Galima filtruoti pagal spalva arba srifto spalva
E9: AVERAGE | F9: =AVERAGE(H289:H312) -> 22.994583 | H9: =SUBTOTAL(1,H289:H312) -> 22.994583 | J9: Vidurkis
E10: MIN | F10: =MIN(H289:H312) -> 9.81 | H10: =SUBTOTAL(5,H289:H312) -> 9.81 | J10: Minimumas
E11: MAX | F11: =MAX(H289:H312) -> 53 | H11: =SUBTOTAL(4,H289:H312) -> 53 | J11: Maksimumas
E12: COUNT | F12: =COUNT(H289:H312) -> 24 | H12: =SUBTOTAL(2,H289:H312) -> 24 | J12: Kiekis (langelių, užpildytų skaičiais)
B13: 13. | C13: Išskleiskite (pliuso ženklas kairėje)
C15: Išplėstinio filtro pagalba išsręskite šias užduotis: | G15: Data - advanced | I15: Padaryti atra filtra su velavimais, keisis tik vidurinysis, nukopijuoti langaeli
C16: a) Iš lentelės apačioje duomenų sudarykite unikalų prekių sąrašą
C17: b) Iš lentelės apačioje duomenų suformuokite vėlavių atsiskaitymų santrauką
C20: Data | D20: Prekės pavadinimas | E20: Tiekėjas | F20: Kiekis, vnt. | G20: Kaina, Eur | H20: Suma, Eur | I20: Mokėti iki | J20: Atsisk. data | K20: Ar sumokėta | L20: Vėlavimai
D21: Dvaro varškė | F21: >=15 | L21: =+IF(ISBLANK(J29),FALSE(),J29>I29) -> FALSE
N27: Data | O27: Prekės pavadinimas | P27: Tiekėjas | Q27: Kiekis, vnt. | R27: Kaina, Eur | S27: Suma, Eur | T27: Mokėti iki | U27: Atsisk. data | V27: Ar sumokėta
C28: Data | D28: Prekės pavadinimas | E28: Tiekėjas | F28: Kiekis, vnt. | G28: Kaina, Eur | H28: Suma, Eur | I28: Mokėti iki | J28: Atsisk. data | K28: Ar sumokėta | N28: 42737 | O28: Dvaro varškė | P28: Pieno žvaigždės | Q28: 20 | R28: 2.12 | S28: 42.4 | T28: 42762 | U28: 42761 | V28: Sumokėta
C29: 42736 | D29: Rokiškio naminis pienas | E29: Rokiškio pienas | F29: 20 | G29: 1.55 | H29: =F29*G29 -> 31 | I29: =+C29+25 -> 42761 | J29: 42758 | K29: Sumokėta | N29: 42742 | O29: Dvaro varškė | P29: Pieno žvaigždės | Q29: 15 | R29: 2.12 | S29: 31.8 | T29: 42767 | U29: 42765 | V29: Sumokėta
C30: 42737 | D30: Dvaro varškė | E30: Pieno žvaigždės | F30: 20 | G30: 2.12 | H30: =F30*G30 -> 42.4 | I30: =+C30+25 -> 42762 | J30: 42761 | K30: Sumokėta | N30: 42743 | O30: Dvaro varškė | P30: Pieno žvaigždės | Q30: 21 | R30: 2.12 | S30: 44.52 | T30: 42768 | U30: 42768 | V30: Sumokėta
C31: 42738 | D31: Smetoniškas sviestas | E31: Pieno žvaigždės | F31: 9 | G31: 2.02 | H31: =F31*G31 -> 18.18 | I31: =+C31+25 -> 42763 | J31: 42762 | K31: Sumokėta | N31: 42767 | O31: Dvaro varškė | P31: Pieno žvaigždės | Q31: 22 | R31: 2.12 | S31: 46.64 | T31: 42792 | U31: 42792 | V31: Sumokėta
C32: 42739 | D32: Rokiškio naminis pienas | E32: Rokiškio pienas | F32: 24 | G32: 1.55 | H32: =F32*G32 -> 37.2 | I32: =+C32+25 -> 42764 | J32: 42763 | K32: Sumokėta | N32: 42771 | O32: Dvaro varškė | P32: Pieno žvaigždės | Q32: 20 | R32: 2.12 | S32: 42.4 | T32: 42796 | U32: 42794 | V32: Sumokėta
C33: 42742 | D33: Dvaro varškė | E33: Pieno žvaigždės | F33: 15 | G33: 2.12 | H33: =F33*G33 -> 31.8 | I33: =+C33+25 -> 42767 | J33: 42765 | K33: Sumokėta | N33: 42788 | O33: Dvaro varškė | P33: Pieno žvaigždės | Q33: 17 | R33: 2.12 | S33: 36.04 | T33: 42813 | U33: 42813 | V33: Sumokėta
C34: 42743 | D34: Dvaro varškė | E34: Pieno žvaigždės | F34: 21 | G34: 2.12 | H34: =F34*G34 -> 44.52 | I34: =+C34+25 -> 42768 | J34: 42768 | K34: Sumokėta | N34: 42791 | O34: Dvaro varškė | P34: Pieno žvaigždės | Q34: 22 | R34: 2.12 | S34: 46.64 | T34: 42816 | U34: 42815 | V34: Sumokėta
C35: 42744 | D35: Dvaro varškė | E35: Pieno žvaigždės | F35: 8 | G35: 2.12 | H35: =F35*G35 -> 16.96 | I35: =+C35+25 -> 42769 | J35: 42770 | K35: Sumokėta | N35: 42795 | O35: Dvaro varškė | P35: Pieno žvaigždės | Q35: 16 | R35: 2.12 | S35: 33.92 | T35: 42820 | U35: 42819 | V35: Sumokėta
C36: 42745 | D36: Dvaro varškė | E36: Pieno žvaigždės | F36: 10 | G36: 2.12 | H36: =F36*G36 -> 21.2 | I36: =+C36+25 -> 42770 | J36: 42770 | K36: Sumokėta | N36: 42798 | O36: Dvaro varškė | P36: Pieno žvaigždės | Q36: 15 | R36: 2.12 | S36: 31.8 | T36: 42823 | U36: 42822 | V36: Sumokėta
C37: 42746 | D37: Rūkytas lydytas sūris "Visiems" | E37: Rokiškio pienas | F37: 15 | G37: 1.4 | H37: =F37*G37 -> 21 | I37: =+C37+25 -> 42771 | J37: 42770 | K37: Sumokėta | N37: 42821 | O37: Dvaro varškė | P37: Pieno žvaigždės | Q37: 25 | R37: 2.12 | S37: 53 | T37: 42846 | U37: 42846 | V37: Sumokėta
C38: 42749 | D38: Grietinė "Žaloji karvutė" | E38: Rokiškio pienas | F38: 9 | G38: 1.09 | H38: =F38*G38 -> 9.81 | I38: =+C38+25 -> 42774 | J38: 42772 | K38: Sumokėta | N38: 42836 | O38: Dvaro varškė | P38: Pieno žvaigždės | Q38: 23 | R38: 2.12 | S38: 48.76 | T38: 42861 | U38: 42861 | V38: Sumokėta
C39: 42750 | D39: Rokiškio naminis pienas | E39: Rokiškio pienas | F39: 23 | G39: 1.55 | H39: =F39*G39 -> 35.65 | I39: =+C39+25 -> 42775 | J39: 42773 | K39: Sumokėta | N39: 42842 | O39: Dvaro varškė | P39: Pieno žvaigždės | Q39: 17 | R39: 2.12 | S39: 36.04 | T39: 42867 | U39: 42865 | V39: Sumokėta
C40: 42751 | D40: Smetoniškas sviestas | E40: Pieno žvaigždės | F40: 15 | G40: 2.02 | H40: =F40*G40 -> 30.3 | I40: =+C40+25 -> 42776 | J40: 42776 | K40: Sumokėta | N40: 42862 | O40: Dvaro varškė | P40: Pieno žvaigždės | Q40: 21 | R40: 2.12 | S40: 44.52 | T40: 42887 | U40: 42887 | V40: Sumokėta
... C106: 42843 | D106: Dvaro varškė | E106: Pieno žvaigždės | F106: 10 | G106: 2.12 | H106: =F106*G106 -> 21.2 | I106: =+C106+25 -> 42868 | J106: 42868 | K106: Sumokėta | N106: 43592 | O106: Dvaro varškė | P106: Pieno žvaigždės | Q106: 23 | R106: 2.35 | S106: 54.05 | T106: 43617 | U106: 43616 | V106: Sumokėta
C107: 42844 | D107: Rokiškio naminis pienas | E107: Rokiškio pienas | F107: 21 | G107: 1.55 | H107: =F107*G107 -> 32.55 | I107: =+C107+25 -> 42869 | J107: 42870 | K107: Sumokėta | N107: 43645 | O107: Dvaro varškė | P107: Pieno žvaigždės | Q107: 19 | R107: 2.35 | S107: 44.65 | T107: 43670 | V107: Nesumokėta
C108: 42847 | D108: Smetoniškas sviestas | E108: Pieno žvaigždės | F108: 17 | G108: 2.02 | H108: =F108*G108 -> 34.34 | I108: =+C108+25 -> 42872 | J108: 42871 | K108: Sumokėta | N108: 43648 | O108: Dvaro varškė | P108: Pieno žvaigždės | Q108: 18 | R108: 2.35 | S108: 42.3 | T108: 43673 | V108: Nesumokėta
C109: 42848 | D109: Smetoniškas sviestas | E109: Pieno žvaigždės | F109: 18 | G109: 2.02 | H109: =F109*G109 -> 36.36 | I109: =+C109+25 -> 42873 | J109: 42872 | K109: Sumokėta | N109: 43661 | O109: Dvaro varškė | P109: Pieno žvaigždės | Q109: 16 | R109: 2.35 | S109: 37.6 | T109: 43686 | V109: Nesumokėta
C110: 42849 | D110: Grietinė "Žaloji karvutė" | E110: Rokiškio pienas | F110: 15 | G110: 1.09 | H110: =F110*G110 -> 16.35 | I110: =+C110+25 -> 42874 | J110: 42872 | K110: Sumokėta | N110: 43666 | O110: Dvaro varškė | P110: Pieno žvaigždės | Q110: 21 | R110: 2.35 | S110: 49.35 | T110: 43691 | V110: Nesumokėta
C111: 42850 | D111: Smetoniškas sviestas | E111: Pieno žvaigždės | F111: 12 | G111: 2.02 | H111: =F111*G111 -> 24.24 | I111: =+C111+25 -> 42875 | J111: 42875 | K111: Sumokėta
C112: 42851 | D112: Dvaro varškė | E112: Pieno žvaigždės | F112: 13 | G112: 2.12 | H112: =F112*G112 -> 27.56 | I112: =+C112+25 -> 42876 | J112: 42874 | K112: Sumokėta
C113: 42854 | D113: Rokiškio naminis pienas | E113: Rokiškio pienas | F113: 24 | G113: 1.55 | H113: =F113*G113 -> 37.2 | I113: =+C113+25 -> 42879 | J113: 42879 | K113: Sumokėta
C114: 42855 | D114: Smetoniškas sviestas | E114: Pieno žvaigždės | F114: 25 | G114: 2.02 | H114: =F114*G114 -> 50.5 | I114: =+C114+25 -> 42880 | J114: 42879 | K114: Sumokėta
C115: 42856 | D115: Rokiškio naminis pienas | E115: Rokiškio pienas | F115: 18 | G115: 1.55 | H115: =F115*G115 -> 27.9 | I115: =+C115+25 -> 42881 | J115: 42879 | K115: Sumokėta
C116: 42857 | D116: Grietinė "Žaloji karvutė" | E116: Rokiškio pienas | F116: 13 | G116: 1.09 | H116: =F116*G116 -> 14.17 | I116: =+C116+25 -> 42882 | J116: 42880 | K116: Sumokėta
C117: 42858 | D117: Smetoniškas sviestas | E117: Pieno žvaigždės | F117: 15 | G117: 2.02 | H117: =F117*G117 -> 30.3 | I117: =+C117+25 -> 42883 | J117: 42883 | K117: Sumokėta
C118: 42861 | D118: Dvaro varškė | E118: Pieno žvaigždės | F118: 13 | G118: 2.12 | H118: =F118*G118 -> 27.56 | I118: =+C118+25 -> 42886 | J118: 42887 | K118: Sumokėta
C119: 42862 | D119: Dvaro varškė | E119: Pieno žvaigždės | F119: 21 | G119: 2.12 | H119: =F119*G119 -> 44.52 | I119: =+C119+25 -> 42887 | J119: 42887 | K119: Sumokėta
C120: 42863 | D120: Rūkytas lydytas sūris "Visiems" | E120: Rokiškio pienas | F120: 17 | G120: 1.4 | H120: =F120*G120 -> 23.8 | I120: =+C120+25 -> 42888 | J120: 42887 | K120: Sumokėta
C121: 42864 | D121: Dvaro varškė | E121: Pieno žvaigždės | F121: 13 | G121: 2.12 | H121: =F121*G121 -> 27.56 | I121: =+C121+25 -> 42889 | J121: 42887 | K121: Sumokėta
C122: 42865 | D122: Dvaro varškė | E122: Pieno žvaigždės | F122: 9 | G122: 2.12 | H122: =F122*G122 -> 19.08 | I122: =+C122+25 -> 42890 | J122: 42888 | K122: Sumokėta
... C672: 43635 | D672: Smetoniškas sviestas | E672: Pieno žvaigždės | F672: 19 | G672: 2.39 | H672: =F672*G672 -> 45.41 | I672: =+C672+25 -> 43660 | J672: 43659 | K672: Sumokėta
C673: 43638 | D673: Grietinė "Žaloji karvutė" | E673: Rokiškio pienas | F673: 21 | G673: 1.19 | H673: =F673*G673 -> 24.99 | I673: =+C673+25 -> 43663 | K673: Nesumokėta
C674: 43639 | D674: Smetoniškas sviestas | E674: Pieno žvaigždės | F674: 25 | G674: 2.39 | H674: =F674*G674 -> 59.75 | I674: =+C674+25 -> 43664 | K674: Nesumokėta
C675: 43640 | D675: Rokiškio naminis pienas | E675: Rokiškio pienas | F675: 20 | G675: 1.76 | H675: =F675*G675 -> 35.2 | I675: =+C675+25 -> 43665 | K675: Nesumokėta
C676: 43641 | D676: Rūkytas lydytas sūris "Visiems" | E676: Rokiškio pienas | F676: 23 | G676: 1.69 | H676: =F676*G676 -> 38.87 | I676: =+C676+25 -> 43666 | K676: Nesumokėta
C677: 43642 | D677: Rokiškio naminis pienas | E677: Rokiškio pienas | F677: 16 | G677: 1.76 | H677: =F677*G677 -> 28.16 | I677: =+C677+25 -> 43667 | K677: Nesumokėta
C678: 43645 | D678: Dvaro varškė | E678: Pieno žvaigždės | F678: 19 | G678: 2.35 | H678: =F678*G678 -> 44.65 | I678: =+C678+25 -> 43670 | K678: Nesumokėta
C679: 43646 | D679: Smetoniškas sviestas | E679: Pieno žvaigždės | F679: 25 | G679: 2.39 | H679: =F679*G679 -> 59.75 | I679: =+C679+25 -> 43671 | K679: Nesumokėta
C680: 43647 | D680: Smetoniškas sviestas | E680: Pieno žvaigždės | F680: 12 | G680: 2.39 | H680: =F680*G680 -> 28.68 | I680: =+C680+25 -> 43672 | K680: Nesumokėta
C681: 43648 | D681: Dvaro varškė | E681: Pieno žvaigždės | F681: 18 | G681: 2.35 | H681: =F681*G681 -> 42.3 | I681: =+C681+25 -> 43673 | K681: Nesumokėta
C682: 43649 | D682: Rokiškio naminis pienas | E682: Rokiškio pienas | F682: 14 | G682: 1.76 | H682: =F682*G682 -> 24.64 | I682: =+C682+25 -> 43674 | K682: Nesumokėta
C683: 43652 | D683: Rokiškio naminis pienas | E683: Rokiškio pienas | F683: 14 | G683: 1.76 | H683: =F683*G683 -> 24.64 | I683: =+C683+25 -> 43677 | K683: Nesumokėta
C684: 43653 | D684: Grietinė "Žaloji karvutė" | E684: Rokiškio pienas | F684: 12 | G684: 1.19 | H684: =F684*G684 -> 14.28 | I684: =+C684+25 -> 43678 | K684: Nesumokėta
... C702: 43677 | D702: Rokiškio naminis pienas | E702: Rokiškio pienas | F702: 23 | G702: 1.76 | H702: =F702*G702 -> 40.48 | I702: =+C702+25 -> 43702 | K702: Nesumokėta

Sheet U8
A1: U8 | B1: Duomenų jungimas, skaidymas, grupavimas;
A3: 1. | B3: Sparčiojo užpildymo būdu atkurkite trūkstamus el. pašto adresus bei sudarykite telefonų sąrašo stulpelį pagal pateiktus pavyzdžius
A5: ID | B5: VARDAS | C5: PAVARDĖ | D5: PAREIGOS | E5: TELEFONO NR. | F5: ELEKTRONINIS PAŠTAS | G5: SUJUNGTA INFORMACIJA | I5: LOWER | K5: & | L5: UPPER | M5: PROPER | N5: LEFT | O5: MID | P5: RIGHT | Q5: &
A6: 716 | B6: Egidijus | C6: Purlys | D6: Viceministras | E6: 852034409 | F6: egidijus.purlys@enmin.lt | G6: E. PURLYS, tel. 852034409 | I6: =LOWER(B5) -> vardas | J6: =LOWER(C5) -> pavardė | K6: =I6&" "&J6 -> vardas pavardė | L6: =UPPER(K6) -> VARDAS PAVARDĖ | M6: =PROPER(L6) -> Vardas Pavardė | N6: =LEFT(E6,1) -> 8 | O6: =LEFT(E6,4) -> 8520 | P6: =RIGHT(E6,5) -> 34409 | Q6: =N6&-O6&"-"&P6 -> 8-8520-34409
A7: 712 | B7: Žygimantas | C7: Vaičiūnas | D7: Ministras | E7: 852034407 | F7: žygimantas.vaičiūnas@enmin.lt | G7: Ž. VAIČIŪNAS, tel. 852034407 | I7: =LOWER(B6) -> egidijus | J7: =LOWER(C6) -> purlys | K7: =I7&" "&J7 -> egidijus purlys | L7: =UPPER(K7) -> EGIDIJUS PURLYS | M7: =PROPER(L7) -> Egidijus Purlys | N7: =LEFT(E7,1) -> 8 | O7: =LEFT(E7,4) -> 8520 | P7: =RIGHT(E7,5) -> 34407 | Q7: =N7&-O7&"-"&P7 -> 8-8520-34407
A8: 715 | B8: Lina | C8: Sabaitienė | D8: Viceministrė | E8: 852034408 | F8: lina.sabaitienė@enmin.lt | G8: L. SABAITIENĖ, tel. 852034408 | I8: =LOWER(B7) -> žygimantas | J8: =LOWER(C7) -> vaičiūnas | K8: =I8&" "&J8 -> žygimantas vaičiūnas | L8: =UPPER(K8) -> ŽYGIMANTAS VAIČIŪNAS | M8: =PROPER(L8) -> Žygimantas Vaičiūnas | N8: =LEFT(E8,1) -> 8 | O8: =LEFT(E8,4) -> 8520 | P8: =RIGHT(E8,5) -> 34408 | Q8: =N8&-O8&"-"&P8 -> 8-8520-34408
A9: 719 | B9: Aurelija | C9: Vernickaitė | D9: Ministro patarėja | E9: 852034427 | F9: aurelija.vernickaitė@enmin.lt | G9: A. VERNICKAITĖ, tel. 852034427 | I9: =LOWER(B8) -> lina | J9: =LOWER(C8) -> sabaitienė | K9: =I9&" "&J9 -> lina sabaitienė | L9: =UPPER(K9) -> LINA SABAITIENĖ | M9: =PROPER(L9) -> Lina Sabaitienė | N9: =LEFT(E9,1) -> 8 | O9: =LEFT(E9,4) -> 8520 | P9: =RIGHT(E9,5) -> 34427 | Q9: =N9&-O9&"-"&P9 -> 8-8520-34427
A10: 720 | B10: Sandra | C10: Paulavičienė | D10: Ministro padėjėja | E10: 852034407 | F10: sandra.paulavičienė@enmin.lt | G10: S. PAULAVIČIENĖ, tel. 852034407 | I10: =LOWER(B9) -> aurelija | J10: =LOWER(C9) -> vernickaitė | K10: =I10&" "&J10 -> aurelija vernickaitė | L10: =UPPER(K10) -> AURELIJA VERNICKAITĖ | M10: =PROPER(L10) -> Aurelija Vernickaitė | N10: =LEFT(E10,1) -> 8 | O10: =LEFT(E10,4) -> 8520 | P10: =RIGHT(E10,5) -> 34407 | Q10: =N10&-O10&"-"&P10 -> 8-8520-34407
A11: 724 | B11: Ramūnas | C11: Dilba | D11: Ministerijos kancleris | E11: 852034425 | F11: ramūnas.dilba@enmin.lt | G11: R. DILBA, tel. 852034425 | I11: =LOWER(B10) -> sandra | J11: =LOWER(C10) -> paulavičienė | K11: =I11&" "&J11 -> sandra paulavičienė | L11: =UPPER(K11) -> SANDRA PAULAVIČIENĖ | M11: =PROPER(L11) -> Sandra Paulavičienė | N11: =LEFT(E11,1) -> 8 | O11: =LEFT(E11,4) -> 8520 | P11: =RIGHT(E11,5) -> 34425 | Q11: =N11&-O11&"-"&P11 -> 8-8520-34425
A12: 725 | B12: Aušra | C12: Siniuvienė | D12: Kalbos tvarkytoja | E12: 852034470 | F12: aušra.siniuvienė@enmin.lt | G12: A. SINIUVIENĖ, tel. 852034470 | I12: =LOWER(B11) -> ramūnas | J12: =LOWER(C11) -> dilba | K12: =I12&" "&J12 -> ramūnas dilba | L12: =UPPER(K12) -> RAMŪNAS DILBA | M12: =PROPER(L12) -> Ramūnas Dilba | N12: =LEFT(E12,1) -> 8 | O12: =LEFT(E12,4) -> 8520 | P12: =RIGHT(E12,5) -> 34470 | Q12: =N12&-O12&"-"&P12 -> 8-8520-34470
A13: 726 | B13: Ramunė | C13: Mikalauskienė | D13: Skyriaus vedėja | E13: 852034470 | F13: ramunė.mikalauskienė@enmin.lt | G13: R. MIKALAUSKIENĖ, tel. 852034470 | I13: =LOWER(B12) -> aušra | J13: =LOWER(C12) -> siniuvienė | K13: =I13&" "&J13 -> aušra siniuvienė | L13: =UPPER(K13) -> AUŠRA SINIUVIENĖ | M13: =PROPER(L13) -> Aušra Siniuvienė | N13: =LEFT(E13,1) -> 8 | O13: =LEFT(E13,4) -> 8520 | P13: =RIGHT(E13,5) -> 34470 | Q13: =N13&-O13&"-"&P13 -> 8-8520-34470
A14: 727 | B14: Dovilė | C14: Zajauskaitė | D14: Patarėja | E14: 852034470 | F14: dovilė.zajauskaitė@enmin.lt | G14: D. ZAJAUSKAITĖ, tel. 852034470 | I14: =LOWER(B13) -> ramunė | J14: =LOWER(C13) -> mikalauskienė | K14: =I14&" "&J14 -> ramunė mikalauskienė | L14: =UPPER(K14) -> RAMUNĖ MIKALAUSKIENĖ | M14: =PROPER(L14) -> Ramunė Mikalauskienė | N14: =LEFT(E14,1) -> 8 | O14: =LEFT(E14,4) -> 8520 | P14: =RIGHT(E14,5) -> 34470 | Q14: =N14&-O14&"-"&P14 -> 8-8520-34470
A15: 728 | B15: Daiva | C15: Brazdžiuvienė | D15: Vyriausioji specialistė | E15: 852034470 | F15: daiva.brazdžiuvienė@enmin.lt | G15: D. BRAZDŽIUVIENĖ, tel. 852034470 | I15: =LOWER(B14) -> dovilė | J15: =LOWER(C14) -> zajauskaitė | K15: =I15&" "&J15 -> dovilė zajauskaitė | L15: =UPPER(K15) -> DOVILĖ ZAJAUSKAITĖ | M15: =PROPER(L15) -> Dovilė Zajauskaitė | N15: =LEFT(E15,1) -> 8 | O15: =LEFT(E15,4) -> 8520 | P15: =RIGHT(E15,5) -> 34470 | Q15: =N15&-O15&"-"&P15 -> 8-8520-34470
A16: 729 | B16: Ramunė | C16: Žičkutė-Artamonova | D16: Vyriausioji specialistė | E16: 852034470 | F16: ramunė.žičkutė-artamonova@enmin.lt | G16: R. ŽIČKUTĖ-ARTAMONOVA, tel. 852034470 | I16: =LOWER(B15) -> daiva | J16: =LOWER(C15) -> brazdžiuvienė | K16: =I16&" "&J16 -> daiva brazdžiuvienė | L16: =UPPER(K16) -> DAIVA BRAZDŽIUVIENĖ | M16: =PROPER(L16) -> Daiva Brazdžiuvienė | N16: =LEFT(E16,1) -> 8 | O16: =LEFT(E16,4) -> 8520 | P16: =RIGHT(E16,5) -> 34470 | Q16: =N16&-O16&"-"&P16 -> 8-8520-34470
A17: 730 | B17: Brigita | C17: Paulikienė | D17: Vyriausioji specialistė | E17: 852034470 | F17: brigita.paulikienė@enmin.lt | G17: B. PAULIKIENĖ, tel. 852034470 | I17: =LOWER(B16) -> ramunė | J17: =LOWER(C16) -> žičkutė-artamonova | K17: =I17&" "&J17 -> ramunė žičkutė-artamonova | L17: =UPPER(K17) -> RAMUNĖ ŽIČKUTĖ-ARTAMONOVA | M17: =PROPER(L17) -> Ramunė Žičkutė-Artamonova | N17: =LEFT(E17,1) -> 8 | O17: =LEFT(E17,4) -> 8520 | P17: =RIGHT(E17,5) -> 34470 | Q17: =N17&-O17&"-"&P17 -> 8-8520-34470
... A73: 877 | B73: Žydrė | C73: Vasiliauskienė | D73: Vyriausiasis specialistas | E73: 852034679 | F73: žydrė.vasiliauskienė@enmin.lt | G73: Ž. VASILIAUSKIENĖ, tel. 852034679 | I73: =LOWER(B72) -> gediminas | J73: =LOWER(C72) -> karalius | K73: =I73&" "&J73 -> gediminas karalius | L73: =UPPER(K73) -> GEDIMINAS KARALIUS | M73: =PROPER(L73) -> Gediminas Karalius | N73: =LEFT(E73,1) -> 8 | O73: =LEFT(E73,4) -> 8520 | P73: =RIGHT(E73,5) -> 34679 | Q73: =N73&-O73&"-"&P73 -> 8-8520-34679
A75: Jei FLASH FILL šioje EXCEL versijoje napalaikoma, naudokite formules
A76: 875 | B76: Gediminas | C76: Karalius | D76: Ministerijos patarėjas | E76: 852034472 | F76: =LOWER(B76)&"."&LOWER(C76)&"@enmin.lt" -> gediminas.karalius@enmin.lt | G76: =LEFT(B76,1)&". "&UPPER(C76)&", tel. "&E76 -> G. KARALIUS, tel. 852034472
A78: 2. | B78: Naudodamiesi sparčiojo užpildymo FALSH FILL SPARTUSIS UŽPILDYMAS įrankiu užpildykite tuščius langelius
C80: Vardas PAVARDĖ
C81: Jonas PETRAITIS | D81: Petraitis
C82: Violeta GREIČIUVIENĖ | D82: Greičiuvienė
C83: Vytautas BERNADIŠIUS | D83: Bernadišius
C84: Žydrė VASILIAUSKIENĖ | D84: Vasiliauskienė
C85: Žygimantas VAIČIŪNAS | D85: Vaičiūnas
A87: Jei FLASH FILL šioje EXCEL versijoje napalaikoma, naudokite formules
C88: Jonas PETRAITIS | D88: =PROPER(REPLACE(C88,1,FIND(" ",C88),"")) -> Petraitis
A90: 3. | B90: Naudodamiesi įrankiu TEXT TO COLLUMNS TEKSTĄ Į STULPELIUS perkelkite į EXCEL formatą CSV duomenis
A92: Date | B92: Ordered Product Sales | C92: Ordered Product Sales – B2B | D92: Units Ordered | E92: Units Ordered – B2B | F92: Total Order Items | G92: Total Order Items – B2B
A93: 43617 | B93: 96.97 | C93: 0 | D93: 4 | E93: 0 | F93: 4 | G93: 0
A94: 43618 | B94: 174.95 | C94: 0 | D94: 8 | E94: 0 | F94: 8 | G94: 0
A95: 43619 | B95: 64.99 | C95: 0 | D95: 4 | E95: 0 | F95: 4 | G95: 0
A96: 43620 | B96: 34.97 | C96: 0 | D96: 2 | E96: 0 | F96: 2 | G96: 0
A97: 43621 | B97: 89.96 | C97: 0 | D97: 6 | E97: 0 | F97: 6 | G97: 0
A98: 43622 | B98: 74.97 | C98: 0 | D98: 5 | E98: 0 | F98: 5 | G98: 0
A99: 43623 | B99: 44.99 | C99: 0 | D99: 3 | E99: 0 | F99: 3 | G99: 0
A100: 43624 | B100: 44.99 | C100: 0 | D100: 3 | E100: 0 | F100: 3 | G100: 0
A101: 43625 | B101: 55.97 | C101: 0 | D101: 3 | E101: 0 | F101: 3 | G101: 0
A102: 43626 | B102: 36.9 | C102: 0 | D102: 2 | E102: 0 | F102: 2 | G102: 0
A103: 43627 | B103: 89.96 | C103: 0 | D103: 6 | E103: 0 | F103: 6 | G103: 0
A104: 43628 | B104: 129.98 | C104: 0 | D104: 8 | E104: 0 | F104: 7 | G104: 0
... A122: 43646 | B122: 36.98 | C122: 0 | D122: 2 | E122: 0 | F122: 2 | G122: 0
A124: 4. | B124: Naudodamiesi įrankiu TEXT TO COLLUMNS TEKSTĄ Į STULPELIUS sutvarkykite duomenis:
B126: A. | C126: Sąrašą su vardais ir pavardėmis viename stulpelyje perkelkite į skirtinguose stulpeliuose užrašytus vardus ir pavardes
D128: Jonas | E128: Petrauskas
D129: Antanas | E129: Kazlauskas
D130: Ona | E130: Pranulienė
D131: Liudvikas | E131: van Bethovenas
B133: B. | C133: Automobilių numerių sąrašą viename stulpelyje į atskirame stulpelyje matomus tris pirmuosius simbolius ir kitame stulpelyje tris sekančius simbolius | H133: FIX WIGTH TEXT TO COLUMN
D135: EE | E135: N6 | F135: 28
D136: AE | E136: K7 | F136: 53
D137: KB | E137: L2 | F137: 39

Sheet U8A
A1: U8A | B1: Duomenų jungimas, skaidymas, grupavimas;
B2: 4.
C3: Saus | D3: Vas | E3: Kov | F3: 2018 I ketv | G3: Bal | H3: Geg | I3: Birž | J3: 2018 II ketv | K3: Liep | L3: Rugp | M3: Rugs | N3: 2018 III ketv | O3: Spal | P3: Lapkr | Q3: Gruod | R3: 2018 IV ketv | S3: 2018 metai | T3: Saus | U3: Vas | V3: Kov | W3: 2019 I ketv | X3: Bal | Y3: Geg | Z3: Birž | AA3: 2019 II ketv | AB3: Liep | AC3: Rugp | AD3: Rugs | AE3: 2019 III ketv | AF3: Spal | AG3: Lapkr | AH3: Gruod | AI3: 2019 IV ketv | AJ3: 2019 metai
B4: Elektros įrangos pajamos | C4: 2046 | D4: 2057 | E4: 2067 | F4: =+SUM(C4:E4) -> 6170 | G4: 2028 | H4: 2044 | I4: 2085 | J4: =+SUM(G4:I4) -> 6157 | K4: 2023 | L4: 2016 | M4: 2048 | N4: =+SUM(K4:M4) -> 6087 | O4: 2079 | P4: 2091 | Q4: 2030 | R4: =+SUM(O4:Q4) -> 6200 | S4: =+F4+J4+N4+R4 -> 24614 | T4: 2053 | U4: 2084 | V4: 2085 | W4: =+SUM(T4:V4) -> 6222 | X4: 2026 | Y4: 2043 | Z4: 2024 | AA4: =+SUM(X4:Z4) -> 6093 | AE4: =+SUM(AB4:AD4) -> 0 | AI4: =+SUM(AF4:AH4) -> 0 | AJ4: =+W4+AA4+AE4+AI4 -> 12315
B5: Dujinės įrangos pajamos | C5: 2592 | D5: 2517 | E5: 2550 | F5: =+SUM(C5:E5) -> 7659 | G5: 2570 | H5: 2505 | I5: 2576 | J5: =+SUM(G5:I5) -> 7651 | K5: 2522 | L5: 2517 | M5: 2577 | N5: =+SUM(K5:M5) -> 7616 | O5: 2511 | P5: 2557 | Q5: 2516 | R5: =+SUM(O5:Q5) -> 7584 | S5: =+F5+J5+N5+R5 -> 30510 | T5: 2523 | U5: 2504 | V5: 2588 | W5: =+SUM(T5:V5) -> 7615 | X5: 2571 | Y5: 2504 | Z5: 2507 | AA5: =+SUM(X5:Z5) -> 7582 | AE5: =+SUM(AB5:AD5) -> 0 | AI5: =+SUM(AF5:AH5) -> 0 | AJ5: =+W5+AA5+AE5+AI5 -> 15197
B6: Skysto kuro įrangos pajamos | C6: 4091 | D6: 4033 | E6: 4054 | F6: =+SUM(C6:E6) -> 12178 | G6: 4082 | H6: 4065 | I6: 4057 | J6: =+SUM(G6:I6) -> 12204 | K6: 4037 | L6: 4095 | M6: 4039 | N6: =+SUM(K6:M6) -> 12171 | O6: 4038 | P6: 4031 | Q6: 4035 | R6: =+SUM(O6:Q6) -> 12104 | S6: =+F6+J6+N6+R6 -> 48657 | T6: 4034 | U6: 4073 | V6: 4016 | W6: =+SUM(T6:V6) -> 12123 | X6: 4021 | Y6: 4014 | Z6: 4085 | AA6: =+SUM(X6:Z6) -> 12120 | AE6: =+SUM(AB6:AD6) -> 0 | AI6: =+SUM(AF6:AH6) -> 0 | AJ6: =+W6+AA6+AE6+AI6 -> 24243
B7: Kieto kuro įrangos pajamos | C7: 1501 | D7: 1510 | E7: 1551 | F7: =+SUM(C7:E7) -> 4562 | G7: 1536 | H7: 1502 | I7: 1557 | J7: =+SUM(G7:I7) -> 4595 | K7: 1522 | L7: 1516 | M7: 1529 | N7: =+SUM(K7:M7) -> 4567 | O7: 1500 | P7: 1509 | Q7: 1554 | R7: =+SUM(O7:Q7) -> 4563 | S7: =+F7+J7+N7+R7 -> 18287 | T7: 1519 | U7: 1540 | V7: 1518 | W7: =+SUM(T7:V7) -> 4577 | X7: 1559 | Y7: 1533 | Z7: 1521 | AA7: =+SUM(X7:Z7) -> 4613 | AE7: =+SUM(AB7:AD7) -> 0 | AI7: =+SUM(AF7:AH7) -> 0 | AJ7: =+W7+AA7+AE7+AI7 -> 9190
B8: Įrangos pardavimas iš viso | C8: =+SUBTOTAL(9,C4:C7) -> 10230 | D8: =+SUBTOTAL(9,D4:D7) -> 10117 | E8: =+SUBTOTAL(9,E4:E7) -> 10222 | F8: =+SUBTOTAL(9,F4:F7) -> 30569 | G8: =+SUBTOTAL(9,G4:G7) -> 10216 | H8: =+SUBTOTAL(9,H4:H7) -> 10116 | I8: =+SUBTOTAL(9,I4:I7) -> 10275 | J8: =+SUBTOTAL(9,J4:J7) -> 30607 | ... AJ8: =+SUBTOTAL(9,AJ4:AJ7) -> 60945
B9: Įrangos montavimas ir priežiūra | C9: =+ROUND(C8*0.3,0) -> 3069 | D9: =+ROUND(D8*0.3,0) -> 3035 | E9: =+ROUND(E8*0.3,0) -> 3067 | F9: =+ROUND(F8*0.3,0) -> 9171 | G9: =+ROUND(G8*0.3,0) -> 3065 | H9: =+ROUND(H8*0.3,0) -> 3035 | I9: =+ROUND(I8*0.3,0) -> 3083 | J9: =+ROUND(J8*0.3,0) -> 9182 | ... AJ9: =+ROUND(AJ8*0.3,0) -> 18284
B10: VISOS PAJAMOS | C10: =+SUBTOTAL(9,C4:C9) -> 13299 | D10: =+SUBTOTAL(9,D4:D9) -> 13152 | E10: =+SUBTOTAL(9,E4:E9) -> 13289 | F10: =+SUBTOTAL(9,F4:F9) -> 39740 | G10: =+SUBTOTAL(9,G4:G9) -> 13281 | H10: =+SUBTOTAL(9,H4:H9) -> 13151 | I10: =+SUBTOTAL(9,I4:I9) -> 13358 | J10: =+SUBTOTAL(9,J4:J9) -> 39789 | ... AJ10: =+SUBTOTAL(9,AJ4:AJ9) -> 79229
B11: Metalo profiliai ir skarda | C11: 3325 | D11: 3288 | E11: 3322 | F11: =+SUM(C11:E11) -> 9935 | G11: 3320 | H11: 3288 | I11: 3340 | J11: =+SUM(G11:I11) -> 9948 | K11: 3284 | L11: 3297 | M11: 3313 | N11: =+SUM(K11:M11) -> 9894 | O11: 3292 | P11: 3311 | Q11: 3294 | R11: =+SUM(O11:Q11) -> 9897 | S11: =+F11+J11+N11+R11 -> 39674 | T11: 3292 | U11: 3315 | V11: 3317 | W11: =+SUM(T11:V11) -> 9924 | X11: 3308 | Y11: 3281 | Z11: 3295 | AA11: =+SUM(X11:Z11) -> 9884 | AE11: =+SUM(AB11:AD11) -> 0 | AI11: =+SUM(AF11:AH11) -> 0 | AJ11: =+W11+AA11+AE11+AI11 -> 19808
B12: Komplektavimo detalės | C12: 665 | D12: 658 | E12: 664 | F12: =+SUM(C12:E12) -> 1987 | G12: 664 | H12: 658 | I12: 668 | J12: =+SUM(G12:I12) -> 1990 | K12: 657 | L12: 659 | M12: 663 | N12: =+SUM(K12:M12) -> 1979 | O12: 658 | P12: 662 | Q12: 659 | R12: =+SUM(O12:Q12) -> 1979 | S12: =+F12+J12+N12+R12 -> 7935 | T12: 658 | U12: 663 | V12: 663 | W12: =+SUM(T12:V12) -> 1984 | X12: 662 | Y12: 656 | Z12: 659 | AA12: =+SUM(X12:Z12) -> 1977 | AE12: =+SUM(AB12:AD12) -> 0 | AI12: =+SUM(AF12:AH12) -> 0 | AJ12: =+W12+AA12+AE12+AI12 -> 3961
B13: Pagalbinės medžiagos | C13: 333 | D13: 329 | E13: 332 | F13: =+SUM(C13:E13) -> 994 | G13: 332 | H13: 329 | I13: 334 | J13: =+SUM(G13:I13) -> 995 | K13: 329 | L13: 330 | M13: 332 | N13: =+SUM(K13:M13) -> 991 | O13: 329 | P13: 331 | Q13: 330 | R13: =+SUM(O13:Q13) -> 990 | S13: =+F13+J13+N13+R13 -> 3970 | T13: 329 | U13: 332 | V13: 332 | W13: =+SUM(T13:V13) -> 993 | X13: 331 | Y13: 328 | Z13: 330 | AA13: =+SUM(X13:Z13) -> 989 | AE13: =+SUM(AB13:AD13) -> 0 | AI13: =+SUM(AF13:AH13) -> 0 | AJ13: =+W13+AA13+AE13+AI13 -> 1982
B14: Elektros energijos sąnaudos | C14: 30 | D14: 33 | E14: 35 | F14: =+SUM(C14:E14) -> 98 | G14: 33 | H14: 31 | I14: 33 | J14: =+SUM(G14:I14) -> 97 | K14: 29 | L14: 33 | M14: 36 | N14: =+SUM(K14:M14) -> 98 | O14: 33 | P14: 37 | Q14: 30 | R14: =+SUM(O14:Q14) -> 100 | S14: =+F14+J14+N14+R14 -> 393 | T14: 35 | U14: 30 | V14: 33 | W14: =+SUM(T14:V14) -> 98 | X14: 32 | Y14: 35 | Z14: 33 | AA14: =+SUM(X14:Z14) -> 100 | AE14: =+SUM(AB14:AD14) -> 0 | AI14: =+SUM(AF14:AH14) -> 0 | AJ14: =+W14+AA14+AE14+AI14 -> 198
B15: Darbo užmokestis | C15: 1330 | D15: 1316 | E15: 1328 | F15: =+SUM(C15:E15) -> 3974 | G15: 1328 | H15: 1316 | I15: 1336 | J15: =+SUM(G15:I15) -> 3980 | K15: 1314 | L15: 1318 | M15: 1326 | N15: =+SUM(K15:M15) -> 3958 | O15: 1316 | P15: 1324 | Q15: 1318 | R15: =+SUM(O15:Q15) -> 3958 | S15: =+F15+J15+N15+R15 -> 15870 | T15: 1316 | U15: 1326 | V15: 1326 | W15: =+SUM(T15:V15) -> 3968 | X15: 1324 | Y15: 1312 | Z15: 1318 | AA15: =+SUM(X15:Z15) -> 3954 | AE15: =+SUM(AB15:AD15) -> 0 | AI15: =+SUM(AF15:AH15) -> 0 | AJ15: =+W15+AA15+AE15+AI15 -> 7922
B16: VISOS IŠLAIDOS | C16: =+SUBTOTAL(9,C11:C15) -> 5683 | D16: =+SUBTOTAL(9,D11:D15) -> 5624 | E16: =+SUBTOTAL(9,E11:E15) -> 5681 | F16: =+SUBTOTAL(9,F11:F15) -> 16988 | G16: =+SUBTOTAL(9,G11:G15) -> 5677 | H16: =+SUBTOTAL(9,H11:H15) -> 5622 | I16: =+SUBTOTAL(9,I11:I15) -> 5711 | J16: =+SUBTOTAL(9,J11:J15) -> 17010 | ... AJ16: =+SUBTOTAL(9,AJ11:AJ15) -> 33871
B17: BALANSAS | C17: =+C10-C16 -> 7616 | D17: =+D10-D16 -> 7528 | E17: =+E10-E16 -> 7608 | F17: =+F10-F16 -> 22752 | G17: =+G10-G16 -> 7604 | H17: =+H10-H16 -> 7529 | I17: =+I10-I16 -> 7647 | J17: =+J10-J16 -> 22779 | ... AJ17: =+AJ10-AJ16 -> 45358

Sheet U9
A1: U9 | B1: Duomenų teisingumo tikrinimas (Data Validation), sąrašų sudarymas;
B3: 1. | C3: Naudodamiesi DATA VALIDATION DUOMENŲ TIKRINIMO įrankiu apribokite įvedimą geltoname langelyje tik skaičiams nuo 10 iki 25
B7: 2. | C7: Naudodamiesi DATA VALIDATION DUOMENŲ TIKRINIMO įrankiu apribokite įvedimą geltoname langelyje tik tekstui nuo 5 iki 10 simbolių
E9: length
B11: 3. | C11: Naudodamiesi DATA VALIDATION DUOMENŲ TIKRINIMO įrankiu pažymėkite reikšmes <40
C13: 20 | D13: 25 | E13: 31 | F13: 46 | H13: circle invalid data
C14: =+C13+14 -> 34 | D14: =+D13+14 -> 39 | E14: =+E13+14 -> 45 | F14: =+F13+14 -> 60
C15: =+C14-7 -> 27 | D15: =+D14-7 -> 32 | E15: =+E14-7 -> 38 | F15: =+F14-7 -> 53
C16: =+C14/2+C15 -> 44 | D16: =+D14/2+D15 -> 51.5 | E16: =+E14/2+E15 -> 60.5 | F16: =+F14/2+F15 -> 83
B18: 4. | C18: Naudodamiesi DATA VALIDATION DUOMENŲ TIKRINIMO įrankiu sudarykite unikalų pasirinkties sąrašą
B20: Rokiškio naminis pienas | D20: Smetoniškas sviestas
B21: Dvaro varškė
B22: Smetoniškas sviestas
B23: Rokiškio naminis pienas
B24: Dvaro varškė
B25: Dvaro varškė
B26: Dvaro varškė
B27: Dvaro varškė
B28: Rūkytas lydytas sūris "Visiems"
B29: Grietinė "Žaloji karvutė"
B30: Rokiškio naminis pienas
B31: Smetoniškas sviestas
B32: Rokiškio naminis pienas
... B102: Smetoniškas sviestas
C106: 5. | D106: Nustatykite sudėtingus duomenų tikrinimo apribojimus, naudojant CUSTOM PASIRINKTINĮ duomenų tikrinimo būdą (įrašant funkcijas)
C108: 1. Leisti įvesti tik skaičių, mažesnį nei 5000 | H108: 4999 | I108: =AND(ISNUMBER(H108),H108<5000) -> TRUE | J108: Formulė: | K108: =_xlfn.FORMULATEXT(I108) -> =AND(ISNUMBER(H108),H108<5000)
C109: 2. Leisti įvesti tik tekstą | H109: MAMA | I109: =ISTEXT(H109) -> TRUE | J109: Formulė: | K109: =_xlfn.FORMULATEXT(I109) -> =ISTEXT(H109)
C110: 3. Leisti įvesti tekstą, kuris prasideda "AA-" | H110: AA- | I110: =EXACT(LEFT(H110,3),"AA-") -> TRUE | J110: Formulė: | K110: =_xlfn.FORMULATEXT(I110) -> =EXACT(LEFT(H110,3),"AA-")
C111: 4. Leisti įvesti rausvame diapazone tik unikalius įrašus | H111: 0 | I111: =COUNTIF($H$111:$H111,H111)<=1 -> TRUE | J111: Formulė: | K111: =_xlfn.FORMULATEXT(I111) -> =COUNTIF($H$111:$H111,H111)<=1

Sheet U10
A1: U10 | B1: Laiko ir datos funkcijos, veiksmai su jomis;
A3: 1. Data – tai skaičius datos formatu
B5: 45155
A9: 2. Darbas su šiandienos data
B10: Šiandienos data: TODAY() ir CTRL+; | D10: =TODAY() -> 45999 | E10: 45165
B11: Laikas dabar NOW() ir CTRL+SHIFT+: | D11: =NOW() -> 45999.446
B12: =NOW() -> 45999.446
B15: Funkcijos TODAY() pritaikymas, naudojant sąlyginį formatavimą formulėmis
B16: =TODAY() -> 45999
D17: =+TODAY() -> 45999
B19: Klientas | C19: Paslaugos data | D19: Atsiskaitymo data | F19: Atsiskaitymas
B20: UAB "Miesto vandenys" | C20: =+TODAY()-25 -> 45974 | D20: =+C20+20 -> 45994 | F20: Atsiskaitė
B21: UAB "Senieji kaimo stogai" | C21: =+C20+2 -> 45976 | D21: =+C21+20 -> 45996 | F21: Atsiskaitė
B22: UAB "Būk apsiavęs" | C22: =+C21+2 -> 45978 | D22: =+C22+20 -> 45998 | F22: Neatsiskaitė
B23: UAB "Miesto švara" | C23: =+C22+2 -> 45980 | D23: =+C23+20 -> 46000 | F23: Neatsiskaitė
B24: UAB "Želdiniai" | C24: =+C23+2 -> 45982 | D24: =+C24+20 -> 46002 | F24: Neatsiskaitė
A27: 3. Datos suskaldymas/sujungimas | C27: 43682 | F27: 0.094270833
B29: YEAR() | C29: =YEAR(C27) -> 2019 | E29: HOUR() | F29: =HOUR(F27) -> 2
B30: MONTH() | C30: =MONTH(C27) -> 8 | E30: MINUTE() | F30: =MINUTE(F27) -> 15
B31: DAY() | C31: =DAY(C27) -> 5 | E31: SECOND() | F31: =SECOND(F27) -> 45
B33: DATE() | C33: =DATE(C29,C30,C31) -> 43682 | E33: TIME() | F33: =TIME(F29,F30,F31) -> 0.094270833
A35: 4. Datos elementų šablonai (TEXT())
B37: Susirinkimas skelbiamas | E37: YYYY | F37: 2019 | H37: MMMM | I37: rugpjūtis | K37: DDDD | L37: pirmadienis
E38: YYY | F38: 2019 | H38: MMM | I38: rugp | K38: DDD | L38: pr
B39: =B37&" "&TEXT(C33,"mmmm dd, (dddd)") -> Susirinkimas skelbiamas August 05, (Monday) | E39: YY | F39: 19 | H39: MM | I39: 08 | K39: DD | L39: 05
E40: Y | F40: 19 | H40: M | I40: 8 | K40: D | L40: 5
A42: 5. Dienų skaičiaus skaičiavimai
N43: Holidays
B44: DAYS() | D44: Apskaičiuoti dienų skaičių tarp 2-jų datų | G44: 43466 | I44: 43703 | K44: =_xlfn.DAYS(I44,G44) -> 237 | N44: 43466
B45: NETWORKDAYS(), NETWORKDAYS.INTL() | D45: Apskaičiuoti darbo dienų skaičių tarp 2-jų datų | G45: 43466 | I45: 43703 | K45: =NETWORKDAYS(G45,I45,N44:N58) -> 164 | N45: 43512
G46: 43466 | I46: 43703 | K46: =NETWORKDAYS.INTL(G46,I46) -> 170 | N46: 43535
B47: WORKDAY(), WORKDAY.INTL() | D47: Apskaičiuoti datą po tam tikro darbo dienų skaičiaus | G47: 43466 | I47: 50 | K47: =WORKDAY(G47,I47) -> 43536 | N47: 43576
G48: 43466 | I48: 50 | K48: =WORKDAY.INTL(G48,I48) -> 43536 | N48: 43577
N49: 43586
A50: 6. Savaitės dienos eilės numeris | N50: 43590
N51: 43618
B52: WEEKDAY() | G52: 43466 | I52: Lietuvoje | K52: =WEEKDAY(G52,2) -> 2 | N52: 43640
I53: Amerikoje | K53: =WEEKDAY(G52,1) -> 3 | N53: 43652
N54: 43692
A55: 7. Mėnesio dienos paskaičiavimai | N55: 43770
N56: 43823
B57: EOMONTH | G57: 43480 | K57: =EOMONTH(G57,12) -> 43861 | N57: 43824
B58: EDATE | C58: Tinka paskolos grąžinimui apskaičiuoti | G58: 43495 | N58: 43825
F59: 1 | G59: =EDATE($G$58,F59) -> 43524
F60: 2 | G60: =EDATE($G$58,F60) -> 43554
F61: 3 | G61: =EDATE($G$58,F61) -> 43585
F62: 4 | G62: =EDATE($G$58,F62) -> 43615
F63: 5 | G63: =EDATE($G$58,F63) -> 43646
F64: 6 | G64: =EDATE($G$58,F64) -> 43676
F65: 7 | G65: =EDATE($G$58,F65) -> 43707
F66: 8 | G66: =EDATE($G$58,F66) -> 43738
F67: 9 | G67: =EDATE($G$58,F67) -> 43768
F68: 10 | G68: =EDATE($G$58,F68) -> 43799
F69: 11 | G69: =EDATE($G$58,F69) -> 43829
F70: 12 | G70: =EDATE($G$58,F70) -> 43860
A72: 8. Paskaičiavimai laiko formate
B74: Susumuokite darbo valadų skaičių
C75: Darbo laiko grafikas
C76: Data | D76: 43927 | E76: 43928 | F76: 43929 | G76: 43930 | H76: 43931 | I76: Valandų suma
C77: Jonas | D77: 0.33333333 | E77: 0.33333333 | F77: 0.33333333 | G77: 0.33333333 | H77: 0.33333333 | I77: =SUM(D77:H77) -> 1.6666667 | J77: autosumn ir opakeisti formata valandos turi buti laustiniuose skliaustuose
C78: Petras | D78: 0.5 | E78: 0.5 | F78: 0 | G78: 0.16666667 | H78: 0.16666667 | I78: =SUM(D78:H78) -> 1.3333333
C79: Onutė | D79: 0.16666667 | E79: 0.33333333 | F79: 0.16666667 | G79: 0.33333333 | H79: 0.16666667 | I79: =SUM(D79:H79) -> 1.1666667
C80: Marytė | D80: 0.16666667 | E80: 0.16666667 | F80: 0.5 | G80: 0 | H80: 0.5 | I80: =SUM(D80:H80) -> 1.3333333
B82: Paskaičiuokite laiko tarpus dviem laiko formatais: a) hh:mm:ss ir b) mm:ss
F83: Data ir laikas
B84: 1 | C84: Ugniagesių iškvietimas | F84: 43933.997
B85: 2 | C85: Ugniagesių išvykimas iš buvimo vietos | F85: 43934
B86: 3 | C86: Ugniagesių atvykimas į gaisro gesinimo vietą | F86: 43934.018
B87: 4 | C87: Gaisro užgesinimas | F87: 43934.093
G89: a) hh:mm:ss | H89: b) mm:ss
F90: Tarp 1 ir 2 | G90: =F85-F84 -> 0.0030439815 | H90: =F85-F84 -> 0.0030439815 | I90: data custom pakeisti formata hh:mm:ss
F91: Tarp 1 ir 3 | G91: =F86-F84 -> 0.020868056 | H91: =F86-F84 -> 0.020868056 | I91: valandas naudoti laustinius kliaustus kad neperzengtu ribas
F92: Tarp 1 ir 4 | G92: =F87-F84 -> 0.096064815 | H92: =F87-F84 -> 0.096064815 | I92: mm uzrakinti skliaustuose
F93: Tarp 3 ir 4 | G93: =F87-F86 -> 0.075196759 | H93: =F87-F86 -> 0.075196759

Sheet U11
A1: U11 | B1: Darbas su vardinėmis lentelėmis (TABLES);
B4: Data | C4: Prekės pavadinimas | D4: Tiekėjas | E4: Kiekis, vnt. | F4: Kaina, Eur | G4: Suma | H4: Procentas
B5: 42736 | C5: Rokiškio naminis pienas | D5: Rokiškio pienas | E5: 20 | F5: 1.55 | G5: ='U11'!$E5*'U11'!$F5 -> 31 | H5: ='U11'!$G5/SUM('U11'!$G$5:$G$27) -> 0.053343428
B6: 42737 | C6: Dvaro varškė | D6: Pieno žvaigždės | E6: 20 | F6: 2.12 | G6: ='U11'!$E6*'U11'!$F6 -> 42.4 | H6: ='U11'!$G6/SUM('U11'!$G$5:$G$27) -> 0.072960044
B7: 42738 | C7: Smetoniškas sviestas | D7: Pieno žvaigždės | E7: 9 | F7: 2.02 | G7: ='U11'!$E7*'U11'!$F7 -> 18.18 | H7: ='U11'!$G7/SUM('U11'!$G$5:$G$27) -> 0.03128334
B8: 42739 | C8: Rokiškio naminis pienas | D8: Rokiškio pienas | E8: 24 | F8: 1.55 | G8: ='U11'!$E8*'U11'!$F8 -> 37.2 | H8: ='U11'!$G8/SUM('U11'!$G$5:$G$27) -> 0.064012114
B9: 42742 | C9: Dvaro varškė | D9: Pieno žvaigždės | E9: 15 | F9: 2.12 | G9: ='U11'!$E9*'U11'!$F9 -> 31.8 | H9: ='U11'!$G9/SUM('U11'!$G$5:$G$27) -> 0.054720033
B10: 42743 | C10: Dvaro varškė | D10: Pieno žvaigždės | E10: 21 | F10: 2.12 | G10: ='U11'!$E10*'U11'!$F10 -> 44.52 | H10: ='U11'!$G10/SUM('U11'!$G$5:$G$27) -> 0.076608046
B11: 42744 | C11: Dvaro varškė | D11: Pieno žvaigždės | E11: 8 | F11: 2.12 | G11: ='U11'!$E11*'U11'!$F11 -> 16.96 | H11: ='U11'!$G11/SUM('U11'!$G$5:$G$27) -> 0.029184018
B12: 42745 | C12: Dvaro varškė | D12: Pieno žvaigždės | E12: 10 | F12: 2.12 | G12: ='U11'!$E12*'U11'!$F12 -> 21.2 | H12: ='U11'!$G12/SUM('U11'!$G$5:$G$27) -> 0.036480022
B13: 42746 | C13: Rūkytas lydytas sūris "Visiems" | D13: Rokiškio pienas | E13: 15 | F13: 1.4 | G13: ='U11'!$E13*'U11'!$F13 -> 21 | H13: ='U11'!$G13/SUM('U11'!$G$5:$G$27) -> 0.036135871
B14: 42749 | C14: Grietinė "Žaloji karvutė" | D14: Rokiškio pienas | E14: 9 | F14: 1.09 | G14: ='U11'!$E14*'U11'!$F14 -> 9.81 | H14: ='U11'!$G14/SUM('U11'!$G$5:$G$27) -> 0.016880614
B15: 42750 | C15: Rokiškio naminis pienas | D15: Rokiškio pienas | E15: 23 | F15: 1.55 | G15: ='U11'!$E15*'U11'!$F15 -> 35.65 | H15: ='U11'!$G15/SUM('U11'!$G$5:$G$27) -> 0.061344943
B16: 42751 | C16: Smetoniškas sviestas | D16: Pieno žvaigždės | E16: 15 | F16: 2.02 | G16: ='U11'!$E16*'U11'!$F16 -> 30.3 | H16: ='U11'!$G16/SUM('U11'!$G$5:$G$27) -> 0.052138899
... B24: 42763 | C24: Rokiškio naminis pienas | D24: Rokiškio pienas | E24: 20 | F24: 1.55 | G24: ='U11'!$E24*'U11'!$F24 -> 31 | H24: ='U11'!$G24/SUM('U11'!$G$5:$G$27) -> 0.053343428
B25: 42764 | C25: Dvaro varškė | D25: Pieno žvaigždės | E25: 8 | F25: 2.12 | G25: ='U11'!$E25*'U11'!$F25 -> 16.96 | H25: ='U11'!$G25/SUM('U11'!$G$5:$G$27) -> 0.029184018 | L25: Santykinė nuoroda | N25: Absoliuti nuoroda
B26: 42765 | C26: Grietinė "Žaloji karvutė" | D26: Rokiškio pienas | E26: 17 | F26: 1.09 | G26: ='U11'!$E26*'U11'!$F26 -> 18.53 | H26: ='U11'!$G26/SUM('U11'!$G$5:$G$27) -> 0.031885604 | K26: Stulpeliui | L26: =Table1[column1] | N26: =Table1[[column1]:[column1]]
B27: 42766 | C27: Rokiškio naminis pienas | D27: Rokiškio pienas | E27: 7 | F27: 1.55 | G27: ='U11'!$E27*'U11'!$F27 -> 10.85 | H27: ='U11'!$G27/SUM('U11'!$G$5:$G$27) -> 0.0186702 | K27: Langeliui | L27: =Table1[@[column1]] | N27: =Table1[@[column1]:[column1]]
B28: Total | E28: =SUBTOTAL(103,tblpienotiekejai[Kiekis, vnt.]) -> 23 | F28: =SUBTOTAL(104,tblpienotiekejai[Kaina, Eur]) -> 2.12 | G28: =SUBTOTAL(109,tblpienotiekejai[Suma]) -> 581.14 | H28: =SUBTOTAL(109,tblpienotiekejai[Procentas]) -> 1

Sheet U12
A1: U12 | B1: Sąlyginės (loginės) funkcijos (IF, AND, OR, SUMIF(S), COUNTIF(S), AVERAGEIF(S)), funkcija funkcijoje;
B3: 1. Skaičiui geltoname langelyje pritaikykime funkciją IF, kad matytume, ar tas skaičius yra < 5, ar >= 5. Po to antrąjį teiginį išplėskite į dar du galimus teiginius: >5, =5.
B6: 6 | D6: =IF(B6<5,"maziau nei 5", "daugiau nei 5") -> daugiau nei 5
B8: 2. Panaudodami logines funkcijas IF, AND, OR parašykite formulę, kuria apskaičiuotumėte nuolaidos dydį. Nuolaidos taikymo sąlygos:
C9: 1. Jei pirkėjas nuperka už 10 eur ir daugiau, taikoma 5% nuolaida
C10: 2. Jei pirkėjas turi nuolaidų kortelę, taikoma 5% nuolaida | J10: Data validation:
C11: 3. Jei pirkėjas turi nuolaidų kortelę ir nuperka už 10 eur ir daugiau, taikoma 8% nuolaida
J12: Lojalumo kortele | K12: Taip
B13: IF: | C13: =IF(AND(K12="Taip",K13>=10,K14),IF(OR(K12="Taip",K13>=10),K15,K16)) -> 0.05 | J13: Sumos dydis | K13: 12
J14: Abu kriterijai | K14: 0.08
B15: 3. Už kokią sumą "Pieno žvaigždės" pardavė produkcijos ir kiek išrašyta sąskaitų (SUMIF, COUNTIF) | J15: Vienas kriterijus | K15: 0.05
J16: Nei vienas kriterijus | K16: 0
B17: Data | C17: Tiekėjas | D17: Kiekis, vnt. | E17: Kaina, Eur | F17: Suma, Eur | H17: List:
B18: 42736 | C18: Rokiškio pienas | D18: 20 | E18: 1.55 | F18: =D18*E18 -> 31 | H18: Rokiškio pienas | I18: ? PADEDA PATIKrinti ar yra klaidu
B19: 42737 | C19: Pieno žvaigždės | D19: 20 | E19: 2.12 | F19: =D19*E19 -> 42.4 | H19: Vienam Kriterijui:
A20: 42745 | B20: 42738 | C20: Pieno žvaigždės | D20: 9 | E20: 2.02 | F20: =D20*E20 -> 18.18 | G20: Suma: | H20: =SUMIF(C18:C40,H18,F18:F40) -> 346.7 | I20: ieskome c eilutej h reiskme ir rezultatas yra suma
B21: 42739 | C21: Rokiškio pienas | D21: 24 | E21: 1.55 | F21: =D21*E21 -> 37.2 | G21: Vidurkis: | H21: =AVERAGEIF(C18:C40,H18,F18:F40) -> 24.764286
B22: 42742 | C22: Pieno žvaigždės | D22: 15 | E22: 2.12 | F22: =D22*E22 -> 31.8 | G22: Kiekis: | H22: =COUNTIF(C18:C40,H18) -> 14
B23: 42743 | C23: Pieno žvaigždės | D23: 21 | E23: 2.12 | F23: =D23*E23 -> 44.52
B24: 42744 | C24: Pieno žvaigždės | D24: 8 | E24: 2.12 | F24: =D24*E24 -> 16.96 | H24: Daugiau Kriteriju:
B25: 42745 | C25: Pieno žvaigždės | D25: 10 | E25: 2.12 | F25: =D25*E25 -> 21.2
B26: 42746 | C26: Rokiškio pienas | D26: 15 | E26: 1.4 | F26: =D26*E26 -> 21 | G26: Suma: | H26: =SUMIFS($F$18:$F$40,$C$18:$C$40,$H$18,$B$18:$B$40,"<=10/01/2017") -> 68.2
B27: 42749 | C27: Rokiškio pienas | D27: 9 | E27: 1.09 | F27: =D27*E27 -> 9.81 | G27: Vidurkis: | H27: =AVERAGEIFS($F$18:$F$40,$C$18:$C$40,$H$18,$B$18:$B$40,"<=10/01/2017") -> 34.1
B28: 42750 | C28: Rokiškio pienas | D28: 23 | E28: 1.55 | F28: =D28*E28 -> 35.65 | G28: Kiekis: | H28: =COUNTIFS($C$18:$C$40,$H$18,$B$18:$B$40,"<=10/01/2017") -> 2
B29: 42751 | C29: Pieno žvaigždės | D29: 15 | E29: 2.02 | F29: =D29*E29 -> 30.3
B30: 42752 | C30: Rokiškio pienas | D30: 19 | E30: 1.55 | F30: =D30*E30 -> 29.45
B31: 42753 | C31: Rokiškio pienas | D31: 24 | E31: 1.55 | F31: =D31*E31 -> 37.2
B32: 42756 | C32: Pieno žvaigždės | D32: 6 | E32: 2.02 | F32: =D32*E32 -> 12.12
B33: 42757 | C33: Rokiškio pienas | D33: 14 | E33: 1.09 | F33: =D33*E33 -> 15.26
B34: 42758 | C34: Rokiškio pienas | D34: 22 | E34: 1.55 | F34: =D34*E34 -> 34.1
B35: 42759 | C35: Rokiškio pienas | D35: 11 | E35: 1.55 | F35: =D35*E35 -> 17.05
B36: 42760 | C36: Rokiškio pienas | D36: 12 | E36: 1.55 | F36: =D36*E36 -> 18.6
B37: 42763 | C37: Rokiškio pienas | D37: 20 | E37: 1.55 | F37: =D37*E37 -> 31
B38: 42764 | C38: Pieno žvaigždės | D38: 8 | E38: 2.12 | F38: =D38*E38 -> 16.96
B39: 42765 | C39: Rokiškio pienas | D39: 17 | E39: 1.09 | F39: =D39*E39 -> 18.53
B40: 42766 | C40: Rokiškio pienas | D40: 7 | E40: 1.55 | F40: =D40*E40 -> 10.85
B42: 4. Už kokią sumą "Pieno žvaigždės" pardavė produkcijos ir kiek išrašyta sąskaitų nuo sausio 20 d. (SUMIFS, COUNIFS)

Sheet U13
A1: U13 | B1: Paieškos funkcijos (VLOOKUP, HLOOKUP; INDEX/MATCH);
B3: 1. | C3: Naudodami funkciją VLOOKUP raskite vynuogių kiekį ir kainą. Po to - bananų. | T3: eilute
J4: Prekė | K4: Obuoliai | L4: Kriaušės | M4: Slyvos | N4: Vynuogės | O4: Bananai | P4: Citrinos | Q4: Apelsinai | R4: Kiviai | S4: Melionai | T4: 1
B5: Prekė | C5: Kiekis, kg | D5: Kaina, Eur | F5: vlookup | G5: Obuoliai | J5: Kiekis, kg | K5: 410 | L5: 410 | M5: 165 | N5: 52 | O5: 164 | P5: 27 | Q5: 110 | R5: 25 | S5: 55 | T5: 2
B6: Obuoliai | C6: 410 | D6: 0.9 | G6: Kiekis,kg | H6: Kaina,EUR | J6: Kaina, Eur | K6: 0.9 | L6: 1.2 | M6: 1.5 | N6: 1.99 | O6: 0.99 | P6: 1.55 | Q6: 1.8 | R6: 2.5 | S6: 3.5 | T6: 3
B7: Kriaušės | C7: 410 | D7: 1.2 | G7: =VLOOKUP(G5,B6:D15,2,0) -> 410 | H7: =VLOOKUP(G5,B5:D14,3) -> 0.9
B8: Slyvos | C8: 165 | D8: 1.5
B9: Vynuogės | C9: 52 | D9: 1.99 | F9: hlookup | G9: Kiekis,kg | H9: Kaina,EUR
B10: Bananai | C10: 164 | D10: 0.99 | F10: Obuoliai: | G10: =HLOOKUP(G5,K4:S6,2,FALSE) -> 410 | H10: =HLOOKUP(G5,K4:S6,3,FALSE) -> 0.9
B11: Citrinos | C11: 27 | D11: 1.55
B12: Apelsinai | C12: 110 | D12: 1.8
B13: Kiviai | C13: 25 | D13: 2.5
B14: Melionai | C14: 55 | D14: 3.5
B16: 2. | C16: Naudodami funkciją VLOOKUP, pritaikę apytikrę paiešką, nustatykite pirkinio nuolaidos dydį
B18: Suma, Eur | C18: Nuolaida, %
B19: 0 | C19: 0
B20: 10 | C20: 0.05
B21: 20 | C21: 0.08
B22: 50 | C22: 0.1
B24: Prekė | C24: Kaina, Eur | D24: Kiekis, kg | E24: Suma, Eur
B25: Obuoliai | C25: 0.9 | D25: 0.5 | E25: =+D25*C25 -> 0.45
B26: Vynogės | C26: 1.99 | D26: 0.5 | E26: =+D26*C26 -> 0.995
B27: Apelsinai | C27: 1.8 | D27: 2 | E27: =+D27*C27 -> 3.6
B28: Melionai | C28: 3.5 | D28: 15 | E28: =+D28*C28 -> 52.5
B29: Tarpinė suma | D29: =SUM(D25:D28) -> 18 | E29: =SUM(E25:E28) -> 57.545
B30: Nuolaida, % | E30: =VLOOKUP(E29,B18:C22,2,TRUE) -> 0.1 | F30: aprox reiksme
B31: Nuolaida, Eur | E31: =+E30*E29 -> 5.7545
B32: Mokėti | E32: =+E29-E31 -> 51.7905
B35: 3. Turime 2018 metų prekių bazines kainas. Naudodami INDEX ir MATCH žalsvuose langeliuose užrašykite funkcijas kainų dydžio paskaičiavimui bet kuriai šių metų datai (data geltoname langelyje). Atkreipkite dėmesį į tai, kad prekių eiliškumas kainininke ir paskaičiavimo lentelėse nesutampa.
D38: Kainų keitimai nuo 2018 m. bazinių kainų
D39: 43466 | E39: 43556 | F39: 43647 | G39: 43739 | I39: =INDEX(C39:G43,3,3) -> 0.1 | K39: 3 eilutes 3 stulpelio reiksme
C40: Kriaušės | D40: 0.25 | E40: 0.12 | F40: 0.05 | G40: 0.15
C41: Slyvos | D41: 0.18 | E41: 0.1 | F41: 0.03 | G41: 0.12
C42: Obuoliai | D42: 0.12 | E42: 0.08 | F42: 0.02 | G42: 0.1
C43: Vynuogės | D43: 0.35 | E43: 0.2 | F43: 0.07 | G43: 0.3
D46: 2018 m. bazinės kainos, Eur | E46: Kainos eur. datai
E48: 43692
C49: Obuoliai | D49: 0.9 | E49: =(INDEX($C$39:$G$43,MATCH(C49,$C$39:$C$43,0),MATCH($E$48,$C$39:$G$39,1))*D49)+D49 -> 0.918
C50: Kriaušės | D50: 1.2 | E50: =(INDEX($C$39:$G$43,MATCH(C50,$C$39:$C$43,0),MATCH($E$48,$C$39:$G$39,1))*D50)+D50 -> 1.26
C51: Slyvos | D51: 1.5 | E51: =(INDEX($C$39:$G$43,MATCH(C51,$C$39:$C$43,0),MATCH($E$48,$C$39:$G$39,1))*D51)+D51 -> 1.545
C52: Vynuogės | D52: 1.99 | E52: =(INDEX($C$39:$G$43,MATCH(C52,$C$39:$C$43,0),MATCH($E$48,$C$39:$G$39,1))*D52)+D52 -> 2.1293
C55: MATCH() paieškos tipai: 1- mažiau nei (paieškos srities duomenys turi būti surikiuoti didėjančia tvarka)
E56: 0 - lygu
E57: -1 - daugiau nei (paieškos stities duomenys turi būti surikiuoti mažėjančia tvarka)
B59: 4. Įmonė gamina įvairius rėmelius paveikslams. Jie gaminami iš įvairių profilių ir įvairaus dydžio. Profiliams naudaojamų medžiagų bei stiklo /plėvelės kainos laikui einant kito. Mūsų užduotis paskaičiuoti visų per metus pagamintų rėmelių medžiagų sąnaudas, įvertunant medžiagų kainų kitimą.
C62: Kainininkas
C63: Medžiagos kodas | D63: Pavadinimas | E63: Apibūdinimas | F63: Kiana eur. (rėmeliui už bėginį m, stiklui ir plėvelei už m2)
F64: 43466 | G64: 43511 | H64: 43556 | I64: 43601 | J64: 43646 | K64: 43691 | L64: 43736 | M64: =+L64+45 -> 43781
C65: 10 | D65: Medis | E65: Plonas | F65: 2 | G65: 2.2 | H65: 2.1 | I65: 1.9 | J65: 1.9 | K65: 2 | L65: 2 | M65: 2.3
C66: 11 | D66: Medis | E66: Pastorintas | F66: 3 | G66: 3.3 | H66: 3.15 | I66: 2.85 | J66: 2.9 | K66: 3 | L66: 3.2 | M66: 3.45
C67: 12 | D67: Metalas | E67: Plonas | F67: 4 | G67: 4.62 | H67: 4.41 | I67: 3.99 | J67: 4.1 | K67: 4.2 | L67: 4.35 | M67: 4.83
C68: 13 | D68: Metalas | E68: Pastorintas | F68: 5 | G68: 6.16 | H68: 5.88 | I68: 5.32 | J68: 5.55 | K68: 5.6 | L68: 5.55 | M68: 6.44
C69: 14 | D69: Plastikas | E69: Plonas | F69: 1 | G69: 1.32 | H69: 1.26 | I69: 1.14 | J69: 1.1 | K69: 1.2 | L69: 1.25 | M69: 1.38
C70: 15 | D70: Plastikas | E70: Pastorintas | F70: 1.5 | G70: 2.86 | H70: 2.73 | I70: 2.47 | J70: 2.5 | K70: 2.6 | L70: 2.8 | M70: 2.99
C71: 20 | D71: Stiklas | E71: Plonas | F71: 10 | G71: 11.66 | H71: 11.13 | I71: 10.07 | J71: 10.2 | K71: 10.6 | L71: 11 | M71: 12.19
C72: 21 | D72: Stiklas | E72: Pastorintas | F72: 6 | G72: 7.26 | H72: 6.93 | I72: 6.27 | J72: 6.27 | K72: 6.6 | L72: 6.5 | M72: 7.59
C73: 22 | D73: Plėvelė | E73: Skaidri | F73: 12 | G73: 12.1 | H73: 11.55 | I73: 10.45 | J73: 10.45 | K73: 11 | L73: 11.5 | M73: 12.65
C74: 23 | D74: Plėvelė | E74: Matinė | F74: 15 | G74: 16.5 | H74: 15.75 | I74: 14.25 | J74: 14.25 | K74: 15 | L74: 15 | M74: 17.25
C75: 24 | D75: Nėra | E75: Nėra | F75: 0 | G75: 0 | H75: 0 | I75: 0 | J75: 0 | K75: 0 | L75: 0 | M75: 0
C78: Užsakymai
C80: Rėmelio medžiaga | D80: Pavadinimas | E80: Apibūdinimas | F80: Dengimo medžiaga | G80: Pavadinimas | H80: Apibūdini-mas | I80: Gamybos data | J80: Aukštis, m | K80: Plotis, m | L80: Vienetų skaičius | M80: Sąnaudos rėmeliui, m | N80: Medžiagos kaina, eur/m | O80: Sąnaudos rėmeliui, eur | P80: Sąnaudos dangai, m2 | Q80: Dangos kaina, eur/m2 | R80: Sąnaudos dangai, eur | S80: Sąnaudų suma, eur
C81: 14 | D81: =+VLOOKUP($C81,$C$65:$E$75,2,FALSE) -> Plastikas | E81: =+VLOOKUP($C81,$C$65:$E$75,3,FALSE) -> Plonas | F81: 24 | G81: =+VLOOKUP($F81,$C$65:$E$75,2,FALSE) -> Nėra | H81: =+VLOOKUP($F81,$C$65:$E$75,3,FALSE) -> Nėra | I81: 43466 | J81: 1.1 | K81: 1.11 | L81: 3 | M81: =((J81+K81)*2)*L81 -> 13.26 | N81: =INDEX($C$64:$M$75,MATCH(C81,$C$64:$C$75,0),MATCH(I81,$C$64:$M$64,1)) -> 1 | O81: =M81*N81 -> 13.26 | P81: =(J81*K81)*L81 -> 3.663 | Q81: =INDEX($C$64:$M$75,MATCH(F81,$C$64:$C$75,0),MATCH(I81,$C$64:$M$64,1)) -> 0 | R81: =P81*Q81 -> 0 | S81: =O81+R81 -> 13.26
C82: 13 | D82: =+VLOOKUP($C82,$C$65:$E$75,2,FALSE) -> Metalas | E82: =+VLOOKUP($C82,$C$65:$E$75,3,FALSE) -> Pastorintas | F82: 20 | G82: =+VLOOKUP($F82,$C$65:$E$75,2,FALSE) -> Stiklas | H82: =+VLOOKUP($F82,$C$65:$E$75,3,FALSE) -> Plonas | I82: 43475 | J82: 0.62 | K82: 0.66 | L82: 1 | M82: =((J82+K82)*2)*L82 -> 2.56 | N82: =INDEX($C$64:$M$75,MATCH(C82,$C$64:$C$75,0),MATCH(I82,$C$64:$M$64,1)) -> 5 | O82: =M82*N82 -> 12.8 | P82: =(J82*K82)*L82 -> 0.4092 | Q82: =INDEX($C$64:$M$75,MATCH(F82,$C$64:$C$75,0),MATCH(I82,$C$64:$M$64,1)) -> 10 | R82: =P82*Q82 -> 4.092 | S82: =O82+R82 -> 16.892
C83: 15 | D83: =+VLOOKUP($C83,$C$65:$E$75,2,FALSE) -> Plastikas | E83: =+VLOOKUP($C83,$C$65:$E$75,3,FALSE) -> Pastorintas | F83: 22 | G83: =+VLOOKUP($F83,$C$65:$E$75,2,FALSE) -> Plėvelė | H83: =+VLOOKUP($F83,$C$65:$E$75,3,FALSE) -> Skaidri | I83: 43482 | J83: 0.65 | K83: 0.26 | L83: 3 | M83: =((J83+K83)*2)*L83 -> 5.46 | N83: =INDEX($C$64:$M$75,MATCH(C83,$C$64:$C$75,0),MATCH(I83,$C$64:$M$64,1)) -> 1.5 | O83: =M83*N83 -> 8.19 | P83: =(J83*K83)*L83 -> 0.507 | Q83: =INDEX($C$64:$M$75,MATCH(F83,$C$64:$C$75,0),MATCH(I83,$C$64:$M$64,1)) -> 12 | R83: =P83*Q83 -> 6.084 | S83: =O83+R83 -> 14.274
C84: 10 | D84: =+VLOOKUP($C84,$C$65:$E$75,2,FALSE) -> Medis | E84: =+VLOOKUP($C84,$C$65:$E$75,3,FALSE) -> Plonas | F84: 20 | G84: =+VLOOKUP($F84,$C$65:$E$75,2,FALSE) -> Stiklas | H84: =+VLOOKUP($F84,$C$65:$E$75,3,FALSE) -> Plonas | I84: 43489 | J84: 0.37 | K84: 0.4 | L84: 3 | M84: =((J84+K84)*2)*L84 -> 4.62 | N84: =INDEX($C$64:$M$75,MATCH(C84,$C$64:$C$75,0),MATCH(I84,$C$64:$M$64,1)) -> 2 | O84: =M84*N84 -> 9.24 | P84: =(J84*K84)*L84 -> 0.444 | Q84: =INDEX($C$64:$M$75,MATCH(F84,$C$64:$C$75,0),MATCH(I84,$C$64:$M$64,1)) -> 10 | R84: =P84*Q84 -> 4.44 | S84: =O84+R84 -> 13.68
C85: 10 | D85: =+VLOOKUP($C85,$C$65:$E$75,2,FALSE) -> Medis | E85: =+VLOOKUP($C85,$C$65:$E$75,3,FALSE) -> Plonas | F85: 24 | G85: =+VLOOKUP($F85,$C$65:$E$75,2,FALSE) -> Nėra | H85: =+VLOOKUP($F85,$C$65:$E$75,3,FALSE) -> Nėra | I85: 43496 | J85: 0.59 | K85: 0.26 | L85: 1 | M85: =((J85+K85)*2)*L85 -> 1.7 | N85: =INDEX($C$64:$M$75,MATCH(C85,$C$64:$C$75,0),MATCH(I85,$C$64:$M$64,1)) -> 2 | O85: =M85*N85 -> 3.4 | P85: =(J85*K85)*L85 -> 0.1534 | Q85: =INDEX($C$64:$M$75,MATCH(F85,$C$64:$C$75,0),MATCH(I85,$C$64:$M$64,1)) -> 0 | R85: =P85*Q85 -> 0 | S85: =O85+R85 -> 3.4
C86: 11 | D86: =+VLOOKUP($C86,$C$65:$E$75,2,FALSE) -> Medis | E86: =+VLOOKUP($C86,$C$65:$E$75,3,FALSE) -> Pastorintas | F86: 21 | G86: =+VLOOKUP($F86,$C$65:$E$75,2,FALSE) -> Stiklas | H86: =+VLOOKUP($F86,$C$65:$E$75,3,FALSE) -> Pastorintas | I86: 43503 | J86: 0.52 | K86: 1.04 | L86: 2 | M86: =((J86+K86)*2)*L86 -> 6.24 | N86: =INDEX($C$64:$M$75,MATCH(C86,$C$64:$C$75,0),MATCH(I86,$C$64:$M$64,1)) -> 3 | O86: =M86*N86 -> 18.72 | P86: =(J86*K86)*L86 -> 1.0816 | Q86: =INDEX($C$64:$M$75,MATCH(F86,$C$64:$C$75,0),MATCH(I86,$C$64:$M$64,1)) -> 6 | R86: =P86*Q86 -> 6.4896 | S86: =O86+R86 -> 25.2096
C87: 13 | D87: =+VLOOKUP($C87,$C$65:$E$75,2,FALSE) -> Metalas | E87: =+VLOOKUP($C87,$C$65:$E$75,3,FALSE) -> Pastorintas | F87: 23 | G87: =+VLOOKUP($F87,$C$65:$E$75,2,FALSE) -> Plėvelė | H87: =+VLOOKUP($F87,$C$65:$E$75,3,FALSE) -> Matinė | I87: 43510 | J87: 0.71 | K87: 0.29 | L87: 1 | M87: =((J87+K87)*2)*L87 -> 2 | N87: =INDEX($C$64:$M$75,MATCH(C87,$C$64:$C$75,0),MATCH(I87,$C$64:$M$64,1)) -> 5 | O87: =M87*N87 -> 10 | P87: =(J87*K87)*L87 -> 0.2059 | Q87: =INDEX($C$64:$M$75,MATCH(F87,$C$64:$C$75,0),MATCH(I87,$C$64:$M$64,1)) -> 15 | R87: =P87*Q87 -> 3.0885 | S87: =O87+R87 -> 13.0885
C88: 15 | D88: =+VLOOKUP($C88,$C$65:$E$75,2,FALSE) -> Plastikas | E88: =+VLOOKUP($C88,$C$65:$E$75,3,FALSE) -> Pastorintas | F88: 23 | G88: =+VLOOKUP($F88,$C$65:$E$75,2,FALSE) -> Plėvelė | H88: =+VLOOKUP($F88,$C$65:$E$75,3,FALSE) -> Matinė | I88: 43517 | J88: 1.14 | K88: 0.67 | L88: 2 | M88: =((J88+K88)*2)*L88 -> 7.24 | N88: =INDEX($C$64:$M$75,MATCH(C88,$C$64:$C$75,0),MATCH(I88,$C$64:$M$64,1)) -> 2.86 | O88: =M88*N88 -> 20.7064 | P88: =(J88*K88)*L88 -> 1.5276 | Q88: =INDEX($C$64:$M$75,MATCH(F88,$C$64:$C$75,0),MATCH(I88,$C$64:$M$64,1)) -> 16.5 | R88: =P88*Q88 -> 25.2054 | S88: =O88+R88 -> 45.9118
C89: 15 | D89: =+VLOOKUP($C89,$C$65:$E$75,2,FALSE) -> Plastikas | E89: =+VLOOKUP($C89,$C$65:$E$75,3,FALSE) -> Pastorintas | F89: 23 | G89: =+VLOOKUP($F89,$C$65:$E$75,2,FALSE) -> Plėvelė | H89: =+VLOOKUP($F89,$C$65:$E$75,3,FALSE) -> Matinė | I89: 43524 | J89: 0.74 | K89: 0.83 | L89: 3 | M89: =((J89+K89)*2)*L89 -> 9.42 | N89: =INDEX($C$64:$M$75,MATCH(C89,$C$64:$C$75,0),MATCH(I89,$C$64:$M$64,1)) -> 2.86 | O89: =M89*N89 -> 26.9412 | P89: =(J89*K89)*L89 -> 1.8426 | Q89: =INDEX($C$64:$M$75,MATCH(F89,$C$64:$C$75,0),MATCH(I89,$C$64:$M$64,1)) -> 16.5 | R89: =P89*Q89 -> 30.4029 | S89: =O89+R89 -> 57.3441
C90: 13 | D90: =+VLOOKUP($C90,$C$65:$E$75,2,FALSE) -> Metalas | E90: =+VLOOKUP($C90,$C$65:$E$75,3,FALSE) -> Pastorintas | F90: 24 | G90: =+VLOOKUP($F90,$C$65:$E$75,2,FALSE) -> Nėra | H90: =+VLOOKUP($F90,$C$65:$E$75,3,FALSE) -> Nėra | I90: 43531 | J90: 0.75 | K90: 0.52 | L90: 3 | M90: =((J90+K90)*2)*L90 -> 7.62 | N90: =INDEX($C$64:$M$75,MATCH(C90,$C$64:$C$75,0),MATCH(I90,$C$64:$M$64,1)) -> 6.16 | O90: =M90*N90 -> 46.9392 | P90: =(J90*K90)*L90 -> 1.17 | Q90: =INDEX($C$64:$M$75,MATCH(F90,$C$64:$C$75,0),MATCH(I90,$C$64:$M$64,1)) -> 0 | R90: =P90*Q90 -> 0 | S90: =O90+R90 -> 46.9392
C91: 14 | D91: =+VLOOKUP($C91,$C$65:$E$75,2,FALSE) -> Plastikas | E91: =+VLOOKUP($C91,$C$65:$E$75,3,FALSE) -> Plonas | F91: 21 | G91: =+VLOOKUP($F91,$C$65:$E$75,2,FALSE) -> Stiklas | H91: =+VLOOKUP($F91,$C$65:$E$75,3,FALSE) -> Pastorintas | I91: 43538 | J91: 1.27 | K91: 0.62 | L91: 2 | M91: =((J91+K91)*2)*L91 -> 7.56 | N91: =INDEX($C$64:$M$75,MATCH(C91,$C$64:$C$75,0),MATCH(I91,$C$64:$M$64,1)) -> 1.32 | O91: =M91*N91 -> 9.9792 | P91: =(J91*K91)*L91 -> 1.5748 | Q91: =INDEX($C$64:$M$75,MATCH(F91,$C$64:$C$75,0),MATCH(I91,$C$64:$M$64,1)) -> 7.26 | R91: =P91*Q91 -> 11.433048 | S91: =O91+R91 -> 21.412248
C92: 12 | D92: =+VLOOKUP($C92,$C$65:$E$75,2,FALSE) -> Metalas | E92: =+VLOOKUP($C92,$C$65:$E$75,3,FALSE) -> Plonas | F92: 21 | G92: =+VLOOKUP($F92,$C$65:$E$75,2,FALSE) -> Stiklas | H92: =+VLOOKUP($F92,$C$65:$E$75,3,FALSE) -> Pastorintas | I92: 43545 | J92: 0.44 | K92: 0.41 | L92: 3 | M92: =((J92+K92)*2)*L92 -> 5.1 | N92: =INDEX($C$64:$M$75,MATCH(C92,$C$64:$C$75,0),MATCH(I92,$C$64:$M$64,1)) -> 4.62 | O92: =M92*N92 -> 23.562 | P92: =(J92*K92)*L92 -> 0.5412 | Q92: =INDEX($C$64:$M$75,MATCH(F92,$C$64:$C$75,0),MATCH(I92,$C$64:$M$64,1)) -> 7.26 | R92: =P92*Q92 -> 3.929112 | S92: =O92+R92 -> 27.491112
... C128: 12 | D128: =+VLOOKUP($C128,$C$65:$E$75,2,FALSE) -> Metalas | E128: =+VLOOKUP($C128,$C$65:$E$75,3,FALSE) -> Plonas | F128: 20 | G128: =+VLOOKUP($F128,$C$65:$E$75,2,FALSE) -> Stiklas | H128: =+VLOOKUP($F128,$C$65:$E$75,3,FALSE) -> Plonas | I128: 43782 | J128: 1.05 | K128: 1.17 | L128: 4 | M128: =((J128+K128)*2)*L128 -> 17.76 | N128: =INDEX($C$64:$M$75,MATCH(C128,$C$64:$C$75,0),MATCH(I128,$C$64:$M$64,1)) -> 4.83 | O128: =M128*N128 -> 85.7808 | P128: =(J128*K128)*L128 -> 4.914 | Q128: =INDEX($C$64:$M$75,MATCH(F128,$C$64:$C$75,0),MATCH(I128,$C$64:$M$64,1)) -> 12.19 | R128: =P128*Q128 -> 59.90166 | S128: =O128+R128 -> 145.68246
S129: =SUM(S81:S128) -> 1596.2502

Sheet U14
A1: U14 | B1: Klaidų pranešimų reikšmės, klaidų taisymas;
A3: 1. Kainų stulpelyje keičiant kiekių informaciją gaunami klaidos pranešimai. Pritaikykite funkciją IFERROR, kurioje esant klaidai automatiškai būtų įrašomas nulis.
C6: Kiekis | D6: Suma | E6: Kaina
B7: Stalas | C7: 20 | D7: 800 | E7: =IFERROR(D7/C7," ") -> 40
B8: Kėdė | C8: 400 | D8: 6000 | E8: =IFERROR(D8/C8," ") -> 15
B9: Rašiklis | C9: 0 | D9: 1000 | E9: =IFERROR(D9/C9," ")
B10: Iš viso | C10: =SUM(C7:C9) -> 420 | D10: =SUM(D7:D9) -> 7800
D13: IFERROR(veiksmas1;veiksmas2)
A15: 2. Pritaikykite IFERROR funkciją paieškai dviejuose duomenų šaltiniuose
C18: S | D18: M | E18: L | F18: XL | G18: XXL | H18: XXXL | J18: IESKOME REIKSMES VIENOJE LENTELEJE, JEIGU NEBUS, TUOMET IESKOME KITOJE. NAUDOTI INDEX MATCH IR IFERROR FUNKCIJA
B19: Suknelė | C19: 45 | D19: 47 | E19: 50 | F19: 55 | G19: 60 | H19: 65
B20: Sijonas | C20: =+C19-15 -> 30 | D20: =+D19-15 -> 32 | E20: =+E19-15 -> 35 | F20: =+F19-15 -> 40 | G20: =+G19-15 -> 45 | H20: =+H19-15 -> 50
B21: Mot. kelnės | C21: =+C20+5 -> 35 | D21: =+D20+5 -> 37 | E21: =+E20+5 -> 40 | F21: =+F20+5 -> 45 | G21: =+G20+5 -> 50 | H21: =+H20+5 -> 55
B22: Mot. švarkelis | C22: =+C21+12 -> 47 | D22: =+D21+12 -> 49 | E22: =+E21+12 -> 52 | F22: =+F21+12 -> 57 | G22: =+G21+12 -> 62 | H22: =+H21+12 -> 67
C25: M | D25: L | E25: XL | F25: XXL | G25: XXXL | L25: =+E18 -> L
B26: Vyriškos kelnės | C26: =+D21+7 -> 44 | D26: =+E21+7 -> 47 | E26: =+F21+7 -> 52 | F26: =+G21+7 -> 57 | G26: =+H21+7 -> 62 | J26: =+B26 -> Vyriškos kelnės | L26: =IFERROR(INDEX(B18:H22,MATCH(J26,B18:B22,0),MATCH(L25,B18:H18,0)),INDEX(B25:G27,MATCH(J26,B25:B27,0),MATCH(L25,B25:G25))) -> 47
B27: Vyriškas švarkas | C27: =+D22+8 -> 57 | D27: =+E22+8 -> 60 | E27: =+F22+8 -> 65 | F27: =+G22+8 -> 70 | G27: =+H22+8 -> 75

Sheet U15
A1: U15 | B1: Diagramų, grafikų kūrimas ir redagavimas; | Y1: Diagramų, grafikų kūrimas ir redagavimas;
T3: Metai | U3: Reklamos pajamos | V3: Pekybos pajamos | W3: Iš viso
B4: Populiariausi diagramų tipai: | T4: 2006 | U4: 1000 | V4: 5689 | W4: =+U4+V4 -> 6689 | Y4: Populiariausi diagramų tipai:
B5: 1. Stulpelinė (COLUMN). Duomenų kitimui bėgant laikui (pvz., prekybos apimtys ketvirčiais) | T5: 2007 | U5: 1200 | V5: 6807 | W5: =+U5+V5 -> 8007 | Y5: 1. Stulpelinė (COLUMN). Duomenų kitimui bėgant laikui (pvz., prekybos apimtys ketvirčiais)
B6: 2. Juostinė (BAR). Individualių reikšmių palyginimui | T6: 2008 | U6: 900 | V6: 7150 | W6: =+U6+V6 -> 8050 | Y6: 2. Juostinė (BAR). Individualių reikšmių palyginimui
B7: 3. Plokštuminė (AREA). Pabrėžia nepertraukiamą dydžio kitimą laike | T7: 2009 | U7: 1300 | V7: 9043 | W7: =+U7+V7 -> 10343 | Y7: 3. Plokštuminė (AREA). Pabrėžia nepertraukiamą dydžio kitimą laike
B8: 4. Linijinė (LINE). Duomenų kitimo tendencijos lygiais intervalais | T8: 2010 | U8: 1050 | V8: 8560 | W8: =+U8+V8 -> 9610 | Y8: 4. Linijinė (LINE). Duomenų kitimo tendencijos lygiais intervalais
B9: 5. Skritulinė (PIE). Parodo procentinį reikšmių pasiskirstymą, tam tikros vertės ir visumos santykį | T9: 2011 | U9: 1350 | V9: 11279 | W9: =+U9+V9 -> 12629 | Y9: 5. Skritulinė (PIE). Parodo procentinį reikšmių pasiskirstymą, tam tikros vertės ir visumos santykį
T10: 2012 | U10: 1250 | V10: 13452 | W10: =+U10+V10 -> 14702
U12: Pajamos | V12: Išlaidos | W12: Pelnas
T13: Prekyba | U13: =+V4 -> 5689 | V13: =+U13*0.05 -> 284.45 | W13: =+U13-V13 -> 5404.55
T14: Reklama | U14: =+U4 -> 1000 | V14: =+U14*0.1 -> 100 | W14: =+U14-V14 -> 900
T15: Renginiai | U15: 5050 | V15: =+U15*0.55 -> 2777.5 | W15: =+U15-V15 -> 2272.5
T16: Leidyba | U16: 2500 | V16: =+U16*0.2 -> 500 | W16: =+U16-V16 -> 2000
T18: Padalinys | U18: Pajamos
T19: Gamybos cechas 1 | U19: 1000
T20: Gamybos cechas 2 | U20: 1200
T21: Komplektavimo baras | U21: 900
T22: Logistikos padalinys | U22: 1300
T23: Prekybos pavilijonas | U23: 1050
B33: Norėdami sudaryti diagramą, lentelėje pasižymime duomenų sritis, kurias norėsime matyti diagramoje, ir pasirenkame diagramos tipą (INSERT->CHARTS->RECOMENDED CHARTS arba ALL CHARTS ĮTERPIMAS->DIAGRAMOS->REKOMENDUOJAMOS DIAGRAMOS arba VISOS DIAGRAMOS). | Y33: Norėdami sudaryti diagramą, lentelėje pasižymime duomenų sritis, kurias norėsime matyti diagramoje, ir pasirenkame diagramos tipą (INSERT->CHARTS->RECOMENDED CHARTS arba ALL CHARTS ĮTERPIMAS->DIAGRAMOS->REKOMENDUOJAMOS DIAGRAMOS arba VISOS DIAGRAMOS).
B36: Pardavėjas | C36: Pardavimai | Y36: Pardavėjas | Z36: Pardavimai
B37: Jonas | C37: 10520 | Y37: Jonas | Z37: 10520
B38: Petras | C38: 12650 | Y38: Petras | Z38: 12650
B39: Antanas | C39: 11840 | Y39: Antanas | Z39: 11840
B51: Jei X ašies reikšmės bus skaičiai, o ne tekstas ar datos, duomenys diagramoje gali būti pavaizduoti ne taip, kaip tikitės, t. y. X reikšmės pavaizduotos Y ašyje. Norėdami nurodyti, kur turi būti pavaizduotos reikšmės, pažymėję diagramą, įrankių juostoje CHART TOOLS->DESIGN->SELECT DATA DIAGRAMOS ĮRANKIAI->PASIRINKTI DUOMENIS->PASIRINKTI DUOMENIS. Pasirodo SELECT DATA SOURCE DUOMENŲ ŠALTINIO PASIRINKIMAS dialogo langas, kuriame galime pridėti arba išimti duomenų sekas Y ašyje ir pakeisti horizontalios X ašies etiketes. | Y51: Jei X ašies reikšmės bus skaičiai, o ne tekstas ar datos, duomenys diagramoje gali būti pavaizduoti ne taip, kaip tikitės, t. y. X reikšmės pavaizduotos Y ašyje. Norėdami nurodyti, kur turi būti pavaizduotos reikšmės, pažymėję diagramą, įrankių juostoje CHART TOOLS->DESIGN->SELECT DATA DIAGRAMOS ĮRANKIAI->PASIRINKTI DUOMENIS->PASIRINKTI DUOMENIS. Pasirodo SELECT DATA SOURCE DUOMENŲ ŠALTINIO PASIRINKIMAS dialogo langas, kuriame galime pridėti arba išimti duomenų sekas Y ašyje ir pakeisti horizontalios X ašies etiketes.
Y52: =+B51 -> Jei X ašies reikšmės bus skaičiai, o ne tekstas ar datos, duomenys diagramoje gali būti pavaizduoti ne taip, kaip tikitės, t. y. X reikšmės pavaizduotos Y ašyje. Norėdami nurodyti, kur turi būti pavaizduotos reikšmės, pažymėję diagramą, įrankių juostoje CHART TOOLS->DESIGN->SELECT DATA DIAGRAMOS ĮRANKIAI->PASIRINKTI DUOMENIS->PASIRINKTI DUOMENIS. Pasirodo SELECT DATA SOURCE DUOMENŲ ŠALTINIO PASIRINKIMAS dialogo langas, kuriame galime pridėti arba išimti duomenų sekas Y ašyje ir pakeisti horizontalios X ašies etiketes.
L54: Metai - chart design, select data - nukelti metus I desine puse
B55: Metai | C55: Pelnas | Y55: Metai | Z55: Pelnas
B56: 2010 | C56: 10520 | Y56: 2010 | Z56: 10520
B57: 2011 | C57: 12650 | Y57: 2011 | Z57: 12650
B58: 2012 | C58: 11840 | Y58: 2012 | Z58: 11840
B59: 2013 | C59: 17450 | Y59: 2013 | Z59: 17450
B60: 2014 | C60: 23650 | Y60: 2014 | Z60: 23650
B61: 2015 | C61: 15250 | Y61: 2015 | Z61: 15250
B62: 2016 | C62: 19520 | Y62: 2016 | Z62: 19520
B63: 2017 | C63: 26500 | Y63: 2017 | Z63: 26500
B71: Diagramos tvarkymo įrankiai. DESIGN DIZIANAS - diagramos tipui, maketui, dizainui, duomenų įtraukimui/šalinimui, diagramos vietos keitimo, diagramos tipo keitimui. FORMAT FORMATUOTI - grafiniam apipavidalinimui | Y71: Diagramos tvarkymo įrankiai. DESIGN DIZIANAS - diagramos tipui, maketui, dizainui, duomenų įtraukimui/šalinimui, diagramos vietos keitimo, diagramos tipo keitimui. FORMAT FORMATUOTI - grafiniam apipavidalinimui
Y72: =+B71 -> Diagramos tvarkymo įrankiai. DESIGN DIZIANAS - diagramos tipui, maketui, dizainui, duomenų įtraukimui/šalinimui, diagramos vietos keitimo, diagramos tipo keitimui. FORMAT FORMATUOTI - grafiniam apipavidalinimui
B73: Papildoma duomenų ašis. Jei vienos duomenų sekos reikšmės yra keletą kartų didesnės už kitos, gauname vaizdą, kuriame vienos duomenų sekos kreivė yra labai arti X ašies ir jos kitimo beveik nematyti. Tokiu atveju šią seką reikėtų vaizduoti antroje Y ašyje. Renkamės COMBO KOMBINUOTOJI DIAGRAMA diagramos tipą ir nurodome, kurią duomenų seką iškelti į antrąją Y ašį. | Y73: Papildoma duomenų ašis. Jei vienos duomenų sekos reikšmės yra keletą kartų didesnės už kitos, gauname vaizdą, kuriame vienos duomenų sekos kreivė yra labai arti X ašies ir jos kitimo beveik nematyti. Tokiu atveju šią seką reikėtų vaizduoti antroje Y ašyje. Renkamės COMBO KOMBINUOTOJI DIAGRAMA diagramos tipą ir nurodome, kurią duomenų seką iškelti į antrąją Y ašį.
Y74: =+B73 -> Papildoma duomenų ašis. Jei vienos duomenų sekos reikšmės yra keletą kartų didesnės už kitos, gauname vaizdą, kuriame vienos duomenų sekos kreivė yra labai arti X ašies ir jos kitimo beveik nematyti. Tokiu atveju šią seką reikėtų vaizduoti antroje Y ašyje. Renkamės COMBO KOMBINUOTOJI DIAGRAMA diagramos tipą ir nurodome, kurią duomenų seką iškelti į antrąją Y ašį.
B76: Metai | C76: Pelnas | D76: Pard. skaičius | F76: Lengviausia tai atlikti 2 žingsniais: | K76: pirma pasirinkti linijine kreive o poto ja pakeisti I komninuota | Y76: Metai | Z76: Pelnas | AA76: Pard. skaičius | AC76: Lengviausiai tai atlikti 2 žingsniais:
B77: 2010 | C77: 10520 | D77: 3 | F77: 1. Pasidaryti paprastą (tarkim, linijinę) diagramą. | Y77: 2010 | Z77: 10520 | AA77: 3 | AC77: 1. Pasidaryti paprastą (tarkim, linijinę) diagramą.
B78: 2011 | C78: 12650 | D78: 4 | F78: 2. Pakeisti ją į kombinuotąją | Y78: 2011 | Z78: 12650 | AA78: 4
B79: 2012 | C79: 11840 | D79: 3 | Y79: 2012 | Z79: 11840 | AA79: 3
B80: 2013 | C80: 17450 | D80: 5 | Y80: 2013 | Z80: 17450 | AA80: 5
B81: 2014 | C81: 23650 | D81: 6 | Y81: 2014 | Z81: 23650 | AA81: 6
B82: 2015 | C82: 15250 | D82: 4 | Y82: 2015 | Z82: 15250 | AA82: 4
B83: 2016 | C83: 19520 | D83: 5 | Y83: 2016 | Z83: 19520 | AA83: 5
B84: 2017 | C84: 26500 | D84: 7 | Y84: 2017 | Z84: 26500 | AA84: 7
AC95: 2. Pakeisti ją į kombinuotą
A105: what if analysis - goal seeker -
A106: option - adds in - manage adds in - excell adds ins- solver ads in - ok

Sheet U16
A1: U16 | B1: What-If Analysis įrankis (Scenario Mananger, Goal Seek, Data Tables);
B3: 1. Naudodami Goal Seek įrankį išspręskite priemokos skaičiavimo uždavinį
B5: Vadovas nusprendė skirti priemoką savo darbuotojams. Tam paskyrė 5000 Eur. Jo sprendimas yra toks: visi darbuotojai turi gauti vienodą priedą procentais nuo savo atlygio.
C7: 0.57416268 | D7: ? | G7: what if analysis:
G8: goal seek - set cell - is viso, to value pasirinkimas, by changing cell - procentas
C9: Atlyginimas | D9: Priedas % | E9: Priedas eur. | G9: parodo kokios turi buti palukanos kad gauciau 6000.
B10: Petras | C10: 1200 | D10: =+$C$7 -> 0.57416268 | E10: =+C10*D10 -> 688.99522
B11: Jonas | C11: 1500 | D11: =+$C$7 -> 0.57416268 | E11: =+C11*D11 -> 861.24402
B12: Antanas | C12: 1700 | D12: =+$C$7 -> 0.57416268 | E12: =+C12*D12 -> 976.07656
B13: Marytė | C13: 1450 | D13: =+$C$7 -> 0.57416268 | E13: =+C13*D13 -> 832.53589
B14: Onutė | C14: 1100 | D14: =+$C$7 -> 0.57416268 | E14: =+C14*D14 -> 631.57895
B15: Pranas | C15: 850 | D15: =+$C$7 -> 0.57416268 | E15: =+C15*D15 -> 488.03828
B16: Donatas | C16: 1150 | D16: =+$C$7 -> 0.57416268 | E16: =+C16*D16 -> 660.28708
B17: Akvilė | C17: 1500 | D17: =+$C$7 -> 0.57416268 | E17: =+C17*D17 -> 861.24402
B18: Iš viso | C18: =SUM(C10:C17) -> 10450 | E18: =SUM(E10:E17) -> 6000
B21: 2. Naudodamiesi variantų lentele ir Scenario Manager įrankiu, sudarykite medienos cecho gamybos plano scenarijus | J21: what if analysis - scenario manager:
B23: Variantų lentelė | I23: Sukurti skirtingus scenarijus 4 skirtingom tarom, ir paskui spausti show paziureti skirtingus rezultatus
C24: Pajėgumai | D24: Pard. Kainos | E24: Medž. kainos
C25: per 21 d.d. | D25: eur | E25: eur
B26: Smulki tara | C26: 2100 | D26: 2 | E26: 1.2
B27: Vid. dydžio tara | C27: 600 | D27: 7 | E27: 5.3 | J27: Kiekiai | K27: Pardavimas | L27: Medžiagos | M27: Marža
B28: Stambi tara | C28: 300 | D28: 13 | E28: 10.5 | I28: Smulki tara | K28: =J28*D26 -> 0 | L28: =J28*E26 -> 0 | M28: =K28-L28 -> 0
I29: Vid. dydžio tara | K29: =J29*D27 -> 0 | L29: =J29*E27 -> 0 | M29: =K29-L29 -> 0
I30: Stambi tara | J30: 300 | K30: =J30*D28 -> 3900 | L30: =J30*E28 -> 3150 | M30: =K30-L30 -> 750
I31: Iš viso: | M31: =SUM(M28:M30) -> 750
B39: 3. Naudodami Data Table įrankį sudarykite banko paskolos variantų lentelę įvairiems paskolos dydžiams bei paskolos trukmei
C41: Paskolos sąlygos | E41: What if Analysis: data table, pirmas 5000, antras 60 | J41: 100
B42: Paskola | C42: 5000
B43: Mėn. skaičius | C43: 60
B44: Palūkanos | C44: 0.25
B45: Mėn. įmoka | C45: =-PMT(C44/12,C43,C42) -> 146.75662 | D45: 2000 | E45: 2500 | F45: 3000 | G45: 3500 | H45: 4000 | I45: 4500 | J45: 5000 | K45: 5500 | L45: 6000 | M45: 6500 | N45: 7000 | O45: 7500 | P45: 8000
C46: 24 | D46: 106.74304 | E46: 133.4288 | F46: 160.11456 | G46: 186.80032 | H46: 213.48608 | I46: 240.17184 | J46: 266.8576 | K46: 293.54336 | L46: 320.22912 | M46: 346.91488 | N46: 373.60064 | O46: 400.2864 | P46: 426.97216
C47: 30 | D47: 90.326327 | E47: 112.90791 | F47: 135.48949 | G47: 158.07107 | H47: 180.65265 | I47: 203.23423 | J47: 225.81582 | K47: 248.3974 | L47: 270.97898 | M47: 293.56056 | N47: 316.14214 | O47: 338.72372 | P47: 361.30531
C48: 36 | D48: 79.519652 | E48: 99.399565 | F48: 119.27948 | G48: 139.15939 | H48: 159.0393 | I48: 178.91922 | J48: 198.79913 | K48: 218.67904 | L48: 238.55896 | M48: 258.43887 | N48: 278.31878 | O48: 298.19869 | P48: 318.07861
C49: 42 | D49: 71.91676 | E49: 89.89595 | F49: 107.87514 | G49: 125.85433 | H49: 143.83352 | I49: 161.81271 | J49: 179.7919 | K49: 197.77109 | L49: 215.75028 | M49: 233.72947 | N49: 251.70866 | O49: 269.68785 | P49: 287.66704
C50: 48 | D50: 66.314256 | E50: 82.892821 | F50: 99.471385 | G50: 116.04995 | H50: 132.62851 | I50: 149.20708 | J50: 165.78564 | K50: 182.36421 | L50: 198.94277 | M50: 215.52133 | N50: 232.0999 | O50: 248.67846 | P50: 265.25703
C51: 54 | D51: 62.043367 | E51: 77.554208 | F51: 93.06505 | G51: 108.57589 | H51: 124.08673 | I51: 139.59758 | J51: 155.10842 | K51: 170.61926 | L51: 186.1301 | M51: 201.64094 | N51: 217.15178 | O51: 232.66263 | P51: 248.17347
C52: 60 | D52: 58.702647 | E52: 73.378308 | F52: 88.05397 | G52: 102.72963 | H52: 117.40529 | I52: 132.08096 | J52: 146.75662 | K52: 161.43228 | L52: 176.10794 | M52: 190.7836 | N52: 205.45926 | O52: 220.13493 | P52: 234.81059
C53: 66 | D53: 56.036485 | E53: 70.045606 | F53: 84.054727 | G53: 98.063848 | H53: 112.07297 | I53: 126.08209 | J53: 140.09121 | K53: 154.10033 | L53: 168.10945 | M53: 182.11858 | N53: 196.1277 | O53: 210.13682 | P53: 224.14594
C54: 72 | D54: 53.874354 | E54: 67.342943 | F54: 80.811531 | G54: 94.28012 | H54: 107.74871 | I54: 121.2173 | J54: 134.68589 | K54: 148.15447 | L54: 161.62306 | M54: 175.09165 | N54: 188.56024 | O54: 202.02883 | P54: 215.49742
C55: 78 | D55: 52.098105 | E55: 65.122631 | F55: 78.147158 | G55: 91.171684 | H55: 104.19621 | I55: 117.22074 | J55: 130.24526 | K55: 143.26979 | L55: 156.29432 | M55: 169.31884 | N55: 182.34337 | O55: 195.36789 | P55: 208.39242
C56: 84 | D56: 50.623272 | E56: 63.27909 | F56: 75.934908 | G56: 88.590726 | H56: 101.24654 | I56: 113.90236 | J56: 126.55818 | K56: 139.214 | L56: 151.86982 | M56: 164.52563 | N56: 177.18145 | O56: 189.83727 | P56: 202.49309
C57: 90 | D57: 49.387859 | E57: 61.734823 | F57: 74.081788 | G57: 86.428753 | H57: 98.775718 | I57: 111.12268 | J57: 123.46965 | K57: 135.81661 | L57: 148.16358 | M57: 160.51054 | N57: 172.85751 | O57: 185.20447 | P57: 197.55144

Sheet U16A_1
A1: U16A_1 | B1: Data Analysis (Solver);
A3: Geltonuose langeliuose reikia skaičius nuo 1 iki 9 surašyti taip, kad eilučių, stulpelių ir įstrižainių suma būtų lygi 15.
C6: A | D6: B | E6: C | G6: Suma
B7: 1 | C7: 3 | D7: 4.3499021 | E7: 5.7771863 | G7: =SUM(C7:E7) -> 13.127088 | H7: 15
B8: 2 | C8: 3 | D8: 6.2228287 | E8: 3.4456284 | G8: =SUM(C8:E8) -> 12.668457 | H8: 15
B9: 3 | C9: 3 | D9: 4.4272691 | E9: 5.7771863 | G9: =SUM(C9:E9) -> 13.204455 | H9: 15
B11: Suma | C11: =SUM(C7:C9) -> 9 | D11: =SUM(D7:D9) -> 15 | E11: =SUM(E7:E9) -> 15.000001 | G11: =+C7+D8+E9 -> 15.000015 | H11: 15
C12: 15 | D12: 15 | E12: 15 | G12: =+C9+D8+E7 -> 15.000015 | H12: 15

Sheet U16A_2
A1: U16A_2 | B1: Data Analysis (Solver);
A3: Naudodami Solver įrankį apskaičiuokite pigiausią prekių išsiuntimo pirkėjams variantą
A5: Transportavimo kaštai (Eur/vnt.)
B6: Klient1 | C6: Klient2 | D6: Klient3 | E6: Klient4
A7: Sandėlis1 | B7: 1.5 | C7: 3.5 | D7: 1 | E7: 4.5
A8: Sandėlis2 | B8: 2 | C8: 4.5 | D8: 1 | E8: 2
A11: Pervežtas kiekis (vnt.)
B12: Klient1 | C12: Klient2 | D12: Klient3 | E12: Klient4 | G12: Išsiųsta iš viso | I12: Resursai
A13: Sandėlis1 | B13: 70 | C13: 0 | D13: 0 | E13: 0 | G13: =SUM(B13:F13) -> 70 | I13: 120
A14: Sandėlis2 | B14: 0 | C14: 45 | D14: 35 | E14: 60 | G14: =SUM(B14:F14) -> 140 | I14: 180
A15: Gauta iš viso | B15: =SUM(B13:B14) -> 70 | C15: =SUM(C13:C14) -> 45 | D15: =SUM(D13:D14) -> 35 | E15: =SUM(E13:E14) -> 60
A16: Užsakytas kiekis | B16: 70 | C16: 45 | D16: 35 | E16: 60
A17: Kaštų suma | B17: =SUMPRODUCT(B7:B8,B13:B14) -> 105 | C17: =SUMPRODUCT(C7:C8,C13:C14) -> 202.5 | D17: =SUMPRODUCT(D7:D8,D13:D14) -> 35 | E17: =SUMPRODUCT(E7:E8,E13:E14) -> 120 | G17: =SUM(G13:G14) -> 210

Sheet U16A_3
A1: U16A_3 | B1: Data Analysis (Solver);
A4: Įmonės projektų valdymo tarnyba atrinko projektus, kuriuos reikia įdiegti per 2020–2022 metus. Tačiau nepakanka lėšų visiems projektams finansuoti. Todėl reikia pasirinkti projektus maksimaliai panaudojant, bet neviršijant kasmetinių finansavimo išteklių.
B7: Metai | C7: Projektai ir jų finansavimo poreikis
C8: Biuro atnaujini-mas | D8: IT sistemų moderni-zavimas | E8: Nauja gamybos techno-logija | F8: Įmonės teritori-jos sutvar-kymas | G8: Trans-porto ūkio atnauji-nimas | H8: Iš viso | I8: Finansi-niai ištek-liai
B9: 2020 | C9: 15 | D9: 20 | E9: 40 | F9: 5 | G9: 25 | H9: 105 | I9: 100
B10: 2021 | C10: 20 | D10: 10 | E10: 30 | F10: 4 | G10: 30 | H10: 94 | I10: 90
B11: 2022 | C11: 10 | D11: 15 | E11: 5 | F11: 6 | G11: 10 | H11: 46 | I11: 35
B12: Iš viso | C12: =SUM(C9:C11) -> 45 | D12: =SUM(D9:D11) -> 45 | E12: =SUM(E9:E11) -> 75 | F12: =SUM(F9:F11) -> 15 | G12: =SUM(G9:G11) -> 65 | H12: 245 | I12: =SUM(I9:I11) -> 225
A14: Parinkti projektai | C14: 1 | D14: 0 | E14: 1 | F14: 1 | G14: 1
B16: 2020 | C16: =C9*C$14 -> 15 | D16: =D9*D$14 -> 0 | E16: =E9*E$14 -> 40 | F16: =F9*F$14 -> 5 | G16: =G9*G$14 -> 25 | H16: =SUM(C16:G16) -> 85 | I16: =I9 -> 100
B17: 2021 | C17: =C10*C$14 -> 20 | D17: =D10*D$14 -> 0 | E17: =E10*E$14 -> 30 | F17: =F10*F$14 -> 4 | G17: =G10*G$14 -> 30 | H17: =SUM(C17:G17) -> 84 | I17: =I10 -> 90
B18: 2022 | C18: =C11*C$14 -> 10 | D18: =D11*D$14 -> 0 | E18: =E11*E$14 -> 5 | F18: =F11*F$14 -> 6 | G18: =G11*G$14 -> 10 | H18: =SUM(C18:G18) -> 31 | I18: =I11 -> 35
B19: Iš viso | C19: =SUM(C16:C18) -> 45 | D19: =SUM(D16:D18) -> 0 | E19: =SUM(E16:E18) -> 75 | F19: =SUM(F16:F18) -> 15 | G19: =SUM(G16:G18) -> 65 | H19: =SUM(C19:G19) -> 200 | I19: =I12 -> 225

Sheet U17
A1: Kategorija | B1: (All)
A2: Data | B2: (All)
A4: Šalis | B4: Prekė | C4: Sum of Kiekis
A5: Ispanija | C5: 3234
B6: Bananai | C6: 481
B7: Citrinos | C7: 96
B8: Kiviai | C8: 69
B9: Kriaušės | C9: 657
B10: Melionai | C10: 925
B11: Obuoliai | C11: 301
B12: Slyvos | C12: 174
B13: Vynuogės | C13: 162
B14: Vyšnios | C14: 369
A15: Lenkija | C15: 2501
B16: Agurkai | C16: 96
B17: Bulvės | C17: 554
B18: Burokėliai | C18: 80
B19: Kopūstai | C19: 577
B20: Kriaušės | C20: 400
B21: Obuoliai | C21: 145
B22: Pomidorai | C22: 180
B23: Porai | C23: 117
B24: Slyvos | C24: 180
B25: Svogūnai | C25: 172
A26: Lietuva | C26: 3742
B27: Agurkai | C27: 185
B28: Bulvės | C28: 1079
B29: Burokėliai | C29: 177
B30: Kopūstai | C30: 864
B31: Kriaušės | C31: 320
B32: Mandarinai | C32: 47
B33: Obuoliai | C33: 292
B34: Pomidorai | C34: 162
B35: Porai | C35: 99
B36: Slyvos | C36: 286
B37: Svogūnai | C37: 231
A38: Norvegija | C38: 100
B39: Mandarinai | C39: 100
A40: Grand Total | C40: 9577

Sheet U17_1
A1: U17_1 | B1: Suvestinės lentelės sudarymas (PivotTable);
B3: 1. Dviejų suvestinių ir diagramos iš tų pačių duomenų sudarymas
A5: Šalis | B5: Kategorija | C5: Prekė | D5: Data | E5: Kiekis
A6: Ispanija | B6: Vaisiai | C6: Melionai | D6: 43498 | E6: 800
A7: Ispanija | B7: Uogos | C7: Vynuogės | D7: 43499 | E7: 15
A8: Lietuva | B8: Daržovės | C8: Agurkai | D8: 43500 | E8: 22
A9: Ispanija | B9: Uogos | C9: Vyšnios | D9: 43500 | E9: 35
A10: Ispanija | B10: Vaisiai | C10: Bananai | D10: 43501 | E10: 45
A11: Lenkija | B11: Daržovės | C11: Kopūstai | D11: 43501 | E11: 85
A12: Ispanija | B12: Vaisiai | C12: Melionai | D12: 43501 | E12: 7
A13: Ispanija | B13: Vaisiai | C13: Citrinos | D13: 43503 | E13: 5
A14: Ispanija | B14: Vaisiai | C14: Kiviai | D14: 43503 | E14: 8
A15: Lietuva | B15: Vaisiai | C15: Kriaušės | D15: 43503 | E15: 100
A16: Lenkija | B16: Daržovės | C16: Porai | D16: 43503 | E16: 12
A17: Lietuva | B17: Daržovės | C17: Bulvės | D17: 43505 | E17: 120
... A216: Norvegija | B216: Vaisiai | C216: Mandarinai | D216: 43643 | E216: 100

Sheet U17_2
A1: U17_2 | B1: Suvestinės lentelės sudarymas (PivotTable);
G2: Kategorija | H2: (All)
B3: 2. Paskaičiuotų duomenų įterpimas | G3: Data | H3: (All)
A5: Šalis | B5: Kategorija | C5: Prekė | D5: Data | E5: Kiekis | G5: Šalis | H5: Prekė | I5: Sum of Kiekis | M5: design:
A6: Ispanija | B6: Vaisiai | C6: Melionai | D6: 43498 | E6: 8 | G6: Ispanija | H6: Bananai | I6: 481 | M6: Report layout pakeisti pavidala
A7: Ispanija | B7: Uogos | C7: Vynuogės | D7: 43499 | E7: 15 | H7: Citrinos | I7: 96
A8: Lietuva | B8: Daržovės | C8: Agurkai | D8: 43500 | E8: 22 | H8: Kiviai | I8: 69
A9: Ispanija | B9: Uogos | C9: Vyšnios | D9: 43500 | E9: 35 | H9: Kriaušės | I9: 657
A10: Ispanija | B10: Vaisiai | C10: Bananai | D10: 43501 | E10: 45 | H10: Melionai | I10: 133
A11: Lenkija | B11: Daržovės | C11: Kopūstai | D11: 43501 | E11: 85 | H11: Obuoliai | I11: 301
A12: Ispanija | B12: Vaisiai | C12: Melionai | D12: 43501 | E12: 7 | H12: Slyvos | I12: 174
A13: Ispanija | B13: Vaisiai | C13: Citrinos | D13: 43503 | E13: 5 | H13: Vynuogės | I13: 162
A14: Ispanija | B14: Vaisiai | C14: Kiviai | D14: 43503 | E14: 8 | H14: Vyšnios | I14: 369
A15: Lietuva | B15: Vaisiai | C15: Kriaušės | D15: 43503 | E15: 100 | G15: Ispanija Total | I15: 2442
A16: Lenkija | B16: Daržovės | C16: Porai | D16: 43503 | E16: 12 | G16: Lenkija | H16: Agurkai | I16: 96
A17: Lietuva | B17: Daržovės | C17: Bulvės | D17: 43505 | E17: 120 | H17: Bulvės | I17: 554
A18: Lenkija | B18: Daržovės | C18: Pomidorai | D18: 43505 | E18: 20 | H18: Burokėliai | I18: 80
A19: Lenkija | B19: Daržovės | C19: Porai | D19: 43505 | E19: 15 | H19: Kopūstai | I19: 577
A20: Lenkija | B20: Daržovės | C20: Burokėliai | D20: 43506 | E20: 25 | H20: Kriaušės | I20: 400
A21: Lietuva | B21: Uogos | C21: Slyvos | D21: 43506 | E21: 35 | H21: Obuoliai | I21: 145
A22: Lietuva | B22: Uogos | C22: Slyvos | D22: 43506 | E22: 40 | H22: Pomidorai | I22: 180
A23: Lietuva | B23: Vaisiai | C23: Obuoliai | D23: 43508 | E23: 40 | H23: Porai | I23: 117
A24: Lenkija | B24: Daržovės | C24: Pomidorai | D24: 43508 | E24: 23 | H24: Slyvos | I24: 180
A25: Ispanija | B25: Uogos | C25: Vynuogės | D25: 43508 | E25: 10 | H25: Svogūnai | I25: 172
A26: Ispanija | B26: Vaisiai | C26: Melionai | D26: 43509 | E26: 10 | G26: Lenkija Total | I26: 2501
A27: Lenkija | B27: Daržovės | C27: Agurkai | D27: 43511 | E27: 21 | G27: Lietuva | H27: Agurkai | I27: 185
A28: Ispanija | B28: Vaisiai | C28: Kiviai | D28: 43511 | E28: 7 | H28: Bulvės | I28: 1079
A29: Ispanija | B29: Vaisiai | C29: Bananai | D29: 43512 | E29: 55 | H29: Burokėliai | I29: 177
A30: Lietuva | B30: Daržovės | C30: Porai | D30: 43513 | E30: 12 | H30: Kopūstai | I30: 864
A31: Lietuva | B31: Daržovės | C31: Burokėliai | D31: 43513 | E31: 25 | H31: Kriaušės | I31: 320
A32: Lenkija | B32: Uogos | C32: Slyvos | D32: 43513 | E32: 45 | H32: Obuoliai | I32: 292
A33: Lietuva | B33: Daržovės | C33: Svogūnai | D33: 43514 | E33: 25 | H33: Pomidorai | I33: 162
A34: Ispanija | B34: Uogos | C34: Vyšnios | D34: 43515 | E34: 25 | H34: Porai | I34: 99
A35: Lietuva | B35: Daržovės | C35: Kopūstai | D35: 43515 | E35: 95 | H35: Slyvos | I35: 286
A36: Lietuva | B36: Vaisiai | C36: Obuoliai | D36: 43515 | E36: 50 | H36: Svogūnai | I36: 231
A37: Lietuva | B37: Daržovės | C37: Pomidorai | D37: 43516 | E37: 25 | G37: Lietuva Total | I37: 3695
A38: Lenkija | B38: Daržovės | C38: Svogūnai | D38: 43516 | E38: 27 | G38: Grand Total | I38: 8638
A39: Ispanija | B39: Vaisiai | C39: Citrinos | D39: 43517 | E39: 4
A40: Ispanija | B40: Vaisiai | C40: Kriaušės | D40: 43518 | E40: 110
A41: Lenkija | B41: Daržovės | C41: Bulvės | D41: 43519 | E41: 130
A42: Lietuva | B42: Daržovės | C42: Svogūnai | D42: 43521 | E42: 28
A43: Ispanija | B43: Vaisiai | C43: Melionai | D43: 43523 | E43: 8
A44: Lietuva | B44: Daržovės | C44: Agurkai | D44: 43524 | E44: 20
A45: Ispanija | B45: Uogos | C45: Vynuogės | D45: 43524 | E45: 15
A46: Lenkija | B46: Vaisiai | C46: Obuoliai | D46: 43525 | E46: 45
A47: Lietuva | B47: Daržovės | C47: Porai | D47: 43526 | E47: 13
A48: Lietuva | B48: Uogos | C48: Slyvos | D48: 43526 | E48: 35
A49: Ispanija | B49: Uogos | C49: Vyšnios | D49: 43527 | E49: 30
A50: Ispanija | B50: Vaisiai | C50: Kiviai | D50: 43528 | E50: 7
... A214: Ispanija | B214: Vaisiai | C214: Citrinos | D214: 43646 | E214: 6

Sheet U17_3
A1: U17_3 | B1: Suvestinės lentelės sudarymas (PivotTable);
G2: Data | H2: (All)
B3: 3. Duomenų grupavimas | G3: Kategorija | H3: (All)
A5: Šalis | B5: Kategorija | C5: Prekė | D5: Data | E5: Kiekis | G5: Šalis | H5: Prekė | I5: Sum of Kiekis
A6: Ispanija | B6: Vaisiai | C6: Melionai | D6: 43498 | E6: 8 | G6: Ispanija | H6: Bananai | I6: 481
A7: Ispanija | B7: Uogos | C7: Vynuogės | D7: 43499 | E7: 15 | H7: Citrinos | I7: 96
A8: Lietuva | B8: Daržovės | C8: Agurkai | D8: 43500 | E8: 22 | H8: Kiviai | I8: 69
A9: Ispanija | B9: Uogos | C9: Vyšnios | D9: 43500 | E9: 35 | H9: Kriaušės | I9: 657
A10: Ispanija | B10: Vaisiai | C10: Bananai | D10: 43501 | E10: 45 | H10: Melionai | I10: 133
A11: Lenkija | B11: Daržovės | C11: Kopūstai | D11: 43501 | E11: 85 | H11: Obuoliai | I11: 301
A12: Ispanija | B12: Vaisiai | C12: Melionai | D12: 43501 | E12: 7 | H12: Slyvos | I12: 174
A13: Ispanija | B13: Vaisiai | C13: Citrinos | D13: 43503 | E13: 5 | H13: Vynuogės | I13: 162
A14: Ispanija | B14: Vaisiai | C14: Kiviai | D14: 43503 | E14: 8 | H14: Vyšnios | I14: 369
A15: Lietuva | B15: Vaisiai | C15: Kriaušės | D15: 43503 | E15: 100 | G15: Ispanija Total | I15: 2442
A16: Lenkija | B16: Daržovės | C16: Porai | D16: 43503 | E16: 12 | G16: Lenkija | H16: Agurkai | I16: 96
A17: Lietuva | B17: Daržovės | C17: Bulvės | D17: 43505 | E17: 120 | H17: Bulvės | I17: 554
A18: Lenkija | B18: Daržovės | C18: Pomidorai | D18: 43505 | E18: 20 | H18: Burokėliai | I18: 80
A19: Lenkija | B19: Daržovės | C19: Porai | D19: 43505 | E19: 15 | H19: Kopūstai | I19: 577
A20: Lenkija | B20: Daržovės | C20: Burokėliai | D20: 43506 | E20: 25 | H20: Kriaušės | I20: 400
A21: Lietuva | B21: Uogos | C21: Slyvos | D21: 43506 | E21: 35 | H21: Obuoliai | I21: 145
A22: Lietuva | B22: Uogos | C22: Slyvos | D22: 43506 | E22: 40 | H22: Pomidorai | I22: 180
A23: Lietuva | B23: Vaisiai | C23: Obuoliai | D23: 43508 | E23: 40 | H23: Porai | I23: 117
A24: Lenkija | B24: Daržovės | C24: Pomidorai | D24: 43508 | E24: 23 | H24: Slyvos | I24: 180
A25: Ispanija | B25: Uogos | C25: Vynuogės | D25: 43508 | E25: 10 | H25: Svogūnai | I25: 172
A26: Ispanija | B26: Vaisiai | C26: Melionai | D26: 43509 | E26: 10 | G26: Lenkija Total | I26: 2501
A27: Lenkija | B27: Daržovės | C27: Agurkai | D27: 43511 | E27: 21 | G27: Lietuva | H27: Agurkai | I27: 185
A28: Ispanija | B28: Vaisiai | C28: Kiviai | D28: 43511 | E28: 7 | H28: Bulvės | I28: 1079
A29: Ispanija | B29: Vaisiai | C29: Bananai | D29: 43512 | E29: 55 | H29: Burokėliai | I29: 177
A30: Lietuva | B30: Daržovės | C30: Porai | D30: 43513 | E30: 12 | H30: Kopūstai | I30: 864
A31: Lietuva | B31: Daržovės | C31: Burokėliai | D31: 43513 | E31: 25 | H31: Kriaušės | I31: 320
A32: Lenkija | B32: Uogos | C32: Slyvos | D32: 43513 | E32: 45 | H32: Obuoliai | I32: 292
A33: Lietuva | B33: Daržovės | C33: Svogūnai | D33: 43514 | E33: 25 | H33: Pomidorai | I33: 162
A34: Ispanija | B34: Uogos | C34: Vyšnios | D34: 43515 | E34: 25 | H34: Porai | I34: 99
A35: Lietuva | B35: Daržovės | C35: Kopūstai | D35: 43515 | E35: 95 | H35: Slyvos | I35: 286
A36: Lietuva | B36: Vaisiai | C36: Obuoliai | D36: 43515 | E36: 50 | H36: Svogūnai | I36: 231
A37: Lietuva | B37: Daržovės | C37: Pomidorai | D37: 43516 | E37: 25 | G37: Lietuva Total | I37: 3695
A38: Lenkija | B38: Daržovės | C38: Svogūnai | D38: 43516 | E38: 27 | G38: Grand Total | I38: 8638
A39: Ispanija | B39: Vaisiai | C39: Citrinos | D39: 43517 | E39: 4
A40: Ispanija | B40: Vaisiai | C40: Kriaušės | D40: 43518 | E40: 110
A41: Lenkija | B41: Daržovės | C41: Bulvės | D41: 43519 | E41: 130
A42: Lietuva | B42: Daržovės | C42: Svogūnai | D42: 43521 | E42: 28
A43: Ispanija | B43: Vaisiai | C43: Melionai | D43: 43523 | E43: 8
A44: Lietuva | B44: Daržovės | C44: Agurkai | D44: 43524 | E44: 20
A45: Ispanija | B45: Uogos | C45: Vynuogės | D45: 43524 | E45: 15
A46: Lenkija | B46: Vaisiai | C46: Obuoliai | D46: 43525 | E46: 45
A47: Lietuva | B47: Daržovės | C47: Porai | D47: 43526 | E47: 13
A48: Lietuva | B48: Uogos | C48: Slyvos | D48: 43526 | E48: 35
A49: Ispanija | B49: Uogos | C49: Vyšnios | D49: 43527 | E49: 30
A50: Ispanija | B50: Vaisiai | C50: Kiviai | D50: 43528 | E50: 7
... A214: Ispanija | B214: Vaisiai | C214: Citrinos | D214: 43646 | E214: 6

Sheet U17_4
A1: U17_4 | B1: Suvestinės lentelės sudarymas (PivotTable); | M1: 1) Prideti 4 stulpelius ir barkoda isdalinti I 4 dalis, naudoti column to text fixed. | N1: Nuadoti column to text option - fixed option ir padalinti barkoda
F2: Prideti 4 stulpelius ir naudoti text to column fixed option. Padalinti barkoda I 4 dalis. | M2: 2)pakeisti lenteles I lenteliu tipa
B3: 4. Pivottable sudarymas iš kelių duomenų šaltinių (Data model) | M3: 3) data - from table/range, only create connection - tick data model. Sudeti visas 4 lenteles.
M4: 4) data - view sujungti lenteles I kruva, sukurti connection.
J5: Prekės | K5: PrekKod | M5: 5) padaryti pivot table is modelio.
A6: Data | B6: BarKodas | C6: Salies Kodas | D6: Gamintojo kodas | E6: Prekes Kodas | F6: Column1 | G6: Kiekis, vnt. | H6: Kaina, Eur | J6: Preke1 | K6: 10001
A7: 42738 | B7: 4772222100021 | C7: 477 | D7: 2222 | E7: 10002 | F7: 1 | G7: 20 | H7: 160 | J7: Preke2 | K7: 10002 | M7: Sum of Kiekis, vnt. | N7: Column Labels
A8: 42739 | B8: 5013333100031 | C8: 501 | D8: 3333 | E8: 10003 | F8: 1 | G8: 20 | H8: 210 | J8: Preke3 | K8: 10003 | M8: Row Labels | N8: Gamintojas1 | O8: Gamintojas2 | P8: Gamintojas3 | Q8: Gamintojas4 | R8: Grand Total
A9: 42740 | B9: 5023333100041 | C9: 502 | D9: 3333 | E9: 10004 | F9: 1 | G9: 9 | H9: 200 | J9: Preke4 | K9: 10004 | M9: Preke1
A10: 42741 | B10: 4772222100021 | C10: 477 | D10: 2222 | E10: 10002 | F10: 1 | G10: 24 | H10: 160 | J10: Preke5 | K10: 10005 | M10: Prancūzija | N10: 391 | R10: 391
A11: 42744 | B11: 5013333100031 | C11: 501 | D11: 3333 | E11: 10003 | F11: 1 | G11: 15 | H11: 210 | J11: Preke6 | K11: 10006 | M11: Preke2
A12: 42745 | B12: 3011111100011 | C12: 301 | D12: 1111 | E12: 10001 | F12: 1 | G12: 21 | H12: 210 | J12: Preke7 | K12: 10007 | M12: Lietuva | O12: 2927 | R12: 2927
A13: 42746 | B13: 5013333100031 | C13: 501 | D13: 3333 | E13: 10003 | F13: 1 | G13: 8 | H13: 210 | M13: Preke3
A14: 42747 | B14: 3011111100011 | C14: 301 | D14: 1111 | E14: 10001 | F14: 1 | G14: 10 | H14: 210 | M14: Jungtinė Karalystė | P14: 1410 | R14: 1410
A15: 42748 | B15: 4772222100051 | C15: 477 | D15: 2222 | E15: 10005 | F15: 1 | G15: 15 | H15: 140 | M15: Preke4
A16: 42751 | B16: 4772222100061 | C16: 477 | D16: 2222 | E16: 10006 | F16: 1 | G16: 9 | H16: 110 | M16: Jungtinė Karalystė | P16: 860 | R16: 860
A17: 42752 | B17: 4772222100021 | C17: 477 | D17: 2222 | E17: 10002 | F17: 1 | G17: 23 | H17: 160 | M17: Preke5
A18: 42753 | B18: 5023333100041 | C18: 502 | D18: 3333 | E18: 10004 | F18: 1 | G18: 15 | H18: 200 | J18: Šalys | K18: ŠalKod | M18: Lietuva | O18: 761 | R18: 761
A19: 42754 | B19: 4772222100021 | C19: 477 | D19: 2222 | E19: 10002 | F19: 1 | G19: 19 | H19: 160 | J19: Prancūzija | K19: 301 | M19: Preke6
A20: 42755 | B20: 4772222100021 | C20: 477 | D20: 2222 | E20: 10002 | F20: 1 | G20: 24 | H20: 160 | J20: Prancūzija | K20: 302 | M20: Lietuva | O20: 1508 | R20: 1508
A21: 42758 | B21: 5023333100041 | C21: 502 | D21: 3333 | E21: 10004 | F21: 1 | G21: 6 | H21: 200 | J21: Prancūzija | K21: 303 | M21: Preke7
A22: 42759 | B22: 4772222100061 | C22: 477 | D22: 2222 | E22: 10006 | F22: 1 | G22: 14 | H22: 110 | J22: Jungtinė Karalystė | K22: 501 | M22: Lietuva | Q22: 569 | R22: 569
A23: 42760 | B23: 4772222100021 | C23: 477 | D23: 2222 | E23: 10002 | F23: 1 | G23: 22 | H23: 160 | J23: Jungtinė Karalystė | K23: 502 | M23: Grand Total | N23: 391 | O23: 5196 | P23: 2270 | Q23: 569 | R23: 8426
A24: 42761 | B24: 4772222100021 | C24: 477 | D24: 2222 | E24: 10002 | F24: 1 | G24: 11 | H24: 160 | J24: Lietuva | K24: 477
A25: 42762 | B25: 4772222100021 | C25: 477 | D25: 2222 | E25: 10002 | F25: 1 | G25: 12 | H25: 160
A26: 42765 | B26: 4772222100021 | C26: 477 | D26: 2222 | E26: 10002 | F26: 1 | G26: 20 | H26: 160
A27: 42766 | B27: 3021111100011 | C27: 302 | D27: 1111 | E27: 10001 | F27: 1 | G27: 8 | H27: 210 | J27: Gamintojai | K27: GamintKod
A28: 42767 | B28: 4772222100061 | C28: 477 | D28: 2222 | E28: 10006 | F28: 1 | G28: 17 | H28: 110 | J28: Gamintojas1 | K28: 1111
A29: 42768 | B29: 4772222100021 | C29: 477 | D29: 2222 | E29: 10002 | F29: 1 | G29: 7 | H29: 160 | J29: Gamintojas2 | K29: 2222
A30: 42769 | B30: 5013333100031 | C30: 501 | D30: 3333 | E30: 10003 | F30: 1 | G30: 22 | H30: 210 | J30: Gamintojas3 | K30: 3333
A31: 42772 | B31: 4772222100021 | C31: 477 | D31: 2222 | E31: 10002 | F31: 1 | G31: 26 | H31: 160 | J31: Gamintojas4 | K31: 4444
A32: 42773 | B32: 5013333100031 | C32: 501 | D32: 3333 | E32: 10003 | F32: 1 | G32: 20 | H32: 210
A33: 42774 | B33: 4772222100021 | C33: 477 | D33: 2222 | E33: 10002 | F33: 1 | G33: 8 | H33: 160
A34: 42775 | B34: 4772222100021 | C34: 477 | D34: 2222 | E34: 10002 | F34: 1 | G34: 12 | H34: 160
A35: 42776 | B35: 4772222100061 | C35: 477 | D35: 2222 | E35: 10006 | F35: 1 | G35: 9 | H35: 110
A36: 42779 | B36: 4774444100071 | C36: 477 | D36: 4444 | E36: 10007 | F36: 1 | G36: 23 | H36: 140
A37: 42780 | B37: 4772222100051 | C37: 477 | D37: 2222 | E37: 10005 | F37: 1 | G37: 23 | H37: 140
A38: 42781 | B38: 5023333100041 | C38: 502 | D38: 3333 | E38: 10004 | F38: 1 | G38: 12 | H38: 200
A39: 42782 | B39: 4772222100021 | C39: 477 | D39: 2222 | E39: 10002 | F39: 1 | G39: 24 | H39: 160
A40: 42783 | B40: 5023333100041 | C40: 502 | D40: 3333 | E40: 10004 | F40: 1 | G40: 23 | H40: 200
A41: 42786 | B41: 4772222100021 | C41: 477 | D41: 2222 | E41: 10002 | F41: 1 | G41: 17 | H41: 160
A42: 42787 | B42: 4772222100021 | C42: 477 | D42: 2222 | E42: 10002 | F42: 1 | G42: 8 | H42: 160
A43: 42788 | B43: 5023333100041 | C43: 502 | D43: 3333 | E43: 10004 | F43: 1 | G43: 19 | H43: 200
... A521: 43465 | B521: 5013333100031 | C521: 501 | D521: 3333 | E521: 10003 | F521: 1 | G521: 12 | H521: 210

Sheet U18
A1: U18 | B1: Įvadas į makrokomandas;
B3: Makrokomanda yra miniprograma, kurią pasidarote EXCEL skaičiuoklėje. Tai EXCEL komandų rinkinys, atliekamas užrašyta tvarka. Norint sukurti makrokomandą, reikia įsikelti į įrankių juostą kortelę DEVELOPER (FILE->OPTIONS->CUSTOMIZE RIBON->DEVELOPER TAB FAILAS->PARINKTYS->JUOSTELĖS TINKINIMAS->PROGRAMŲ KŪRĖJAS). Norint sukurti makrokomandą reikės įjungti įrašymą (RECORD MACRO ĮRAŠYTI MAKROKOMANDĄ), atlikti EXCEL lentelėje keletą veiksmų ir sustabdyti įrašymą (STOP RECORDING BAIGTI ĮRAŠYMĄ).
B6: 1 užduotis: pažymėkite langelį A1, įjunkite įrašymą, įrašykite makrokomandos pavadinimą rasykdienas, pažymėkite langelį C10, įrašykite jame Pirmadienis, patraukite į dešinę pusę per 7 langelius (iki Sekmadienio), sustabdykite įrašymą.
B11: 2 užduotis: įjunkite USE RELATYVE REFERENCES NAUDOTI SUSIJUSIAS NUORODAS, pažymėkite langelį C16, įjunkite įrašymą, įrašykite pavadinimą rasykdienasRELATYVE, įrašykite langelyje C16 Pirmadienis, patraukite į dešinę pusę per 7 langelius (iki Sekmadienio), sustabdykite įrašymą.
B16: 3 užduotis: įsivaizduokime, kad konvejerio darbininkas nustatyta eilės tvarka prie nustatytų vietų pritvirtina 5 iš eilės sudėliotas detales. Tačiau kiekviena jų yra skirtinga (dydis, svoris, spalva ...). Jei vietoje jų sudėliosime kitas 5 detales, veiksmų eiga bus ta pati, bet rezultatas kitoks. Trečia užduotis: įrašydami makrokomandą pritaikykite jai sparčiąją vykdymo komandą. Susumuokite stulpelį, sumą padauginkite iš dešinėje esančio skaičiaus, o atsakymą perkelkite kaip vertę į viršutinį žalią langelį.
C20: 2145657 | F20: 2146 | I20: 214600 | L20: 3902 | O20: 32
C21: 5646 | F21: 564600 | I21: 565 | L21: 31075 | O21: 3822225
C22: 45337 | F22: 46 | I22: 4600 | L22: 84 | O22: 1
C23: 12 | F23: 1200 | I23: 22 | L23: 1210 | O23: 148830
C24: 5 | F24: 500 | I24: 50000 | L24: 910 | O24: 8
C25: 856 | F25: 85600 | I25: 8560000 | L25: 155637 | O25: 1266
C26: 9 | D26: 100 | F26: 900 | G26: 125 | I26: 90000 | J26: 12 | L26: 15 | M26: 14 | O26: 1845 | P26: 18

Sheet U19
A1: Vardas Pavardė | B1: Gatvė | C1: Vietovė | D1: Akcijų skaičius | E1: Vienos akcijos pelnas | F1: Paskaičiuoti dividendai | G1: Banko sąskaita
A2: Vardenis1 Pavardenis1 | B2: Žirnių g. 15-3 | C2: Klaipėda | D2: 2500 | E2: 1.5 | F2: =+D2*E2 -> 3750 | G2: LT23215895478
A3: Vardenis2 Pavardenis2 | B3: Šaltinio g. 25 | C3: Ramučių k., Biržų r. | D3: 10000 | E3: 1.5 | F3: =+D3*E3 -> 15000 | G3: LT23280664121
A4: Vardenis3 Pavardenis3 | B4: Putinų takas 5 | C4: Kuršėnai, Šiaulių r. | D4: 150000 | E4: 1.5 | F4: =+D4*E4 -> 225000 | G4: LT23364863357
A5: Vardenis4 Pavardenis4 | B5: Vyšnių g. 12 | C5: Pakruojis | D5: 100 | E5: 1.5 | F5: =+D5*E5 -> 150 | G5: LT23474322365
A6: Vardenis5 Pavardenis5 | B6: Mėnulio g. 32-4 | C6: Vilnius | D6: 2500 | E6: 1.5 | F6: =+D6*E6 -> 3750 | G6: LT23616619074
A7: Vardenis6 Pavardenis6 | B7: Alyvų takas 20 | C7: Kaunas | D7: 7500 | E7: 1.5 | F7: =+D7*E7 -> 11250 | G7: LT23801604797
A8: Vardenis7 Pavardenis7 | B8: Upės g. 18-6 | C8: Biržai | D8: 2000 | E8: 1.5 | F8: =+D8*E8 -> 3000 | G8: LT23104208636
A9: Vardenis8 Pavardenis8 | B9: Krantinė g. 26 | C9: Palanga | D9: 10100 | E9: 1.5 | F9: =+D9*E9 -> 15150 | G9: LT23134712107
A10: Vardenis9 Pavardenis9 | B10: Plento g. 35-26 | C10: Tauragė | D10: 2500 | E10: 1.5 | F10: =+D10*E10 -> 3750 | G10: LT23176125739
A11: Vardenis10 Pavardenis10 | B11: Centrinė g. 5 | C11: Jurbarkas | D11: 5000 | E11: 1.5 | F11: =+D11*E11 -> 7500 | G11: LT23228946461
A13: U19 | B13: Automatinis duomenų perkėlimas į MS Word aplinką (Maillings);
A15: Šiuo MS WORD įrankiu MAILINGS PAŠTAS galime palengvinti savo darbą. Juo galima atlikti laiškų, vokų bei adresų lipdukų, elektroninio pašto pranešimų paruošimą pagal šabloną dideliais kiekiais, panaudojant EXCEL lentelėje esamus gavėjo duomenis (pvz., vardas, pavardė, gyvenamoji vieta (adresas), el.pašto adresas ir pan.).
A18: Laiško atveju MS WORD aplinkoje paruošiame laiško šabloną, pažymėdami vietas, kuriose informacija keisis priklausomai nuo laiško adresato (vardas, adresas ...). Be to, EXCEL lentelėje paruošiame informaciją apie laiško gavėjus bei kitą reikalingą su gavėjais susietą turinį laiškui. Šie duomenys EXCEL LENTELĖJE būtinai turi prasidėti nuo 1-os darbalapio eilutės, kurioje surašyti duomenų stulpelių pavadinimai. Pvz.:
A24: Reikia įsitikinti, kad EXCEL lentelėje duomenys prasideda nuo pirmos eilutės ir eina stulpeliais žemyn.
A25: Atidarome WORD naują dokumentą. MAILINGS->START MAIL MERGE->STEP-BY-STEP MAIL MERGE WIZARD PAŠTAS->PRADĖTI LAIŠKŲ SULIEJIMĄ->IŠSAMUS LAIŠKŲ SULIEJIMO VEDIKLIS.
A28: 1. SELECT DOCUMENT TYPE PASIRINKITE DOKUMENTO TIPĄ. Naujame dialogo lange pasirinkite LETTERS LAIŠKAI. NEXT PASKESNIS.
A29: 2. SELECT STARTING DOCUMENT -> USE THE CURRENT DOCUMENT PASIRINKITE PRADŽIOS DOKUMENTĄ->NAUDOTI ŠĮ DOKUMENTĄ. NEXT PASKESNIS.
A31: 3. SELECT RECIPIENTS -> USE AN EXISTING LIST ŽYMĖTI GAVĖJUS->NAUDOTI ESAMĄ SĄRAŠĄ. Apačioje pasirenkame EXCEL failą ir nurodome lapą, kuriame yra sąrašas. NEXT PASKESNIS.
A33: 4. WRITE YOUR LETTER RAŠYKITE LAIŠKĄ, parašote laišką su kodais, kuriuos reikės pakeisti į duomenis iš EXCEL. Pasirenkate MORE ITEMS DAUGIAU ELEMENTŲ ir laiške pakeičiate kodus į EXCEL stulpelių pavadinimus (INSERT ĮTERPIMAS). NEXT PASKESNIS.
A36: 5. PREWIEW YOUR LETTERS PERŽIŪRĖKITE LAIŠKUS. Čia galite peržiūrėti visus laiškus ir pakoreguoti gavėjų sąrašą. NEXT PASKESNIS.
A38: 6. COMPLETE THE MERGE SUKOMPONUOTI. Čia galite pakoreguoti laiškus ir juos išsaugoti ar atspausdinti.

Sheet U20
A1: U20 | B1: Langelių, puslapių, darbo knygų apsauga;
A3: Pratybų užduotis
A5: Reikia paruošti apsaugotą darbaknygę, kurioje vartotojas matytų tik vieną darbalapį, o jame galėtų keisti duomenis tik nustatytuose langeliuose. Kitas vartotojas (žinantis slaptažodį) galėtų matyti ir naudoti savo darbe visus (t. y. ir paslėptus) darbalapius.

Sheet U21_1
A1: U21_1 | B1: Spausdinimas MS Excel aplinkoje.
A3: 2018 metų pajamos/išlaidos
B5: Sausis | C5: Vasaris | D5: Kovas | E5: Balandis | F5: Gegužė | G5: Birželis | H5: Liepa | I5: Rugpjūtis | J5: Rugsėjis | K5: Spalis | L5: Lapkritis | M5: Gruodis
A6: Elektros įrangos pajamos | B6: 2046 | C6: 2057 | D6: 2067 | E6: 2028 | F6: 2044 | G6: 2085 | H6: 2023 | I6: 2016 | J6: 2048 | K6: 2079 | L6: 2091 | M6: 2030
A7: Dujinės įrangos pajamos | B7: 2592 | C7: 2517 | D7: 2550 | E7: 2570 | F7: 2505 | G7: 2576 | H7: 2522 | I7: 2517 | J7: 2577 | K7: 2511 | L7: 2557 | M7: 2516
A8: Skysto kuro įrangos pajamos | B8: 4091 | C8: 4033 | D8: 4054 | E8: 4082 | F8: 4065 | G8: 4057 | H8: 4037 | I8: 4095 | J8: 4039 | K8: 4038 | L8: 4031 | M8: 4035
A9: Kieto kuro įrangos pajamos | B9: 1501 | C9: 1510 | D9: 1551 | E9: 1536 | F9: 1502 | G9: 1557 | H9: 1522 | I9: 1516 | J9: 1529 | K9: 1500 | L9: 1509 | M9: 1554
A10: Įrangos montavimas ir priežiūra | B10: 3069 | C10: 3035 | D10: 3067 | E10: 3065 | F10: 3035 | G10: 3083 | H10: 3031 | I10: 3043 | J10: 3058 | K10: 3038 | L10: 3056 | M10: 3041
A11: VISOS PAJAMOS | B11: 13299 | C11: 13152 | D11: 13289 | E11: 13281 | F11: 13151 | G11: 13358 | H11: 13135 | I11: 13187 | J11: 13251 | K11: 13166 | L11: 13244 | M11: 13176
A12: Metalo profiliai ir skarda | B12: 3325 | C12: 3288 | D12: 3322 | E12: 3320 | F12: 3288 | G12: 3340 | H12: 3284 | I12: 3297 | J12: 3313 | K12: 3292 | L12: 3311 | M12: 3294
A13: Komplektavimo detalės | B13: 665 | C13: 658 | D13: 664 | E13: 664 | F13: 658 | G13: 668 | H13: 657 | I13: 659 | J13: 663 | K13: 658 | L13: 662 | M13: 659
A14: Pagalbinės medžiagos | B14: 333 | C14: 329 | D14: 332 | E14: 332 | F14: 329 | G14: 334 | H14: 329 | I14: 330 | J14: 332 | K14: 329 | L14: 331 | M14: 330
A15: Elektros energijos sąnaudos | B15: 30 | C15: 33 | D15: 35 | E15: 33 | F15: 31 | G15: 33 | H15: 29 | I15: 33 | J15: 36 | K15: 33 | L15: 37 | M15: 30
A16: Darbo užmokestis | B16: 1330 | C16: 1316 | D16: 1328 | E16: 1328 | F16: 1316 | G16: 1336 | H16: 1314 | I16: 1318 | J16: 1326 | K16: 1316 | L16: 1324 | M16: 1318
A17: VISOS IŠLAIDOS | B17: 5683 | C17: 5624 | D17: 5681 | E17: 5677 | F17: 5622 | G17: 5711 | H17: 5613 | I17: 5637 | J17: 5670 | K17: 5628 | L17: 5665 | M17: 5631
A18: BALANSAS | B18: 7616 | C18: 7528 | D18: 7608 | E18: 7604 | F18: 7529 | G18: 7647 | H18: 7522 | I18: 7550 | J18: 7581 | K18: 7538 | L18: 7579 | M18: 7545
A20: Reikia paruošti šį dokumentą spausdinti taip, kad jis estetiškai ir informatyviai atrodytų viename lape

Sheet U21_2
A1: U21_2 | B1: Spausdinimas MS Excel aplinkoje.
A3: Reikia paruošti šį dokumentą spausdinti taip, kad jis estetiškai ir informatyviai atrodytų. Lapų skaičius neapribotas. Visuose lapuose turi būti matomi stulpelių ir eilučių pavadinimai.
A4: Reikalingos antraštės ir poraštė su lapų numeracija, spausdinimo data, laiku bei motininio dokumento ir darbalapio pavadinimais visuose lapuose.
B6: Bandymų rezultatų suvestinė
A8: Medžiagos sudėtis | B8: Bandymas 1 | C8: Bandymas 2 | D8: Bandymas 3 | E8: Bandymas 4 | F8: Bandymas 5 | G8: Bandymas 1 | H8: Bandymas 2 | I8: Bandymas 3 | J8: Bandymas 4 | K8: Bandymas 5 | L8: Bandymas 1 | M8: Bandymas 2 | N8: Bandymas 3 | O8: Bandymas 4 | P8: Bandymas 5 | Q8: Bandymas 1 | R8: Bandymas 2 | S8: Bandymas 3 | T8: Bandymas 4 | U8: Bandymas 5 | V8: Bandymas 1 | W8: Bandymas 2 | X8: Bandymas 3 | Y8: Bandymas 4 | Z8: Bandymas 5 | AA8: Bandymas 1 | AB8: Bandymas 2 | AC8: Bandymas 3 | AD8: Bandymas 4 | AE8: Bandymas 5
A13: Temperatūra, ⁰C | B13: 250 | C13: 250 | D13: 250 | E13: 250 | F13: 250 | G13: 275 | H13: 275 | I13: 275 | J13: 275 | K13: 275 | L13: 300 | M13: 300 | N13: 300 | O13: 300 | P13: 300 | Q13: 325 | R13: 325 | S13: 325 | T13: 325 | U13: 325 | V13: 350 | W13: 350 | X13: 350 | Y13: 350 | Z13: 350 | AA13: 375 | AB13: 375 | AC13: 375 | AD13: 375 | AE13: 375
A14: Medžiaga A 5% , medžiaga B 95% | B14: 2.42 | C14: 7.85 | D14: 9.85 | E14: 14.32 | F14: 12.13 | G14: 3.35 | H14: 6.46 | I14: 8.75 | J14: 17.45 | K14: 11.2 | L14: 2.72 | M14: 7.74 | N14: 7.71 | O14: 17.5 | P14: 14.81 | Q14: 2.75 | R14: 7.85 | S14: 9.84 | T14: 15.96 | U14: 10.6 | V14: 2.3 | W14: 6.3 | X14: 8.95 | Y14: 16.99 | Z14: 10.88 | AA14: 3.85 | AB14: 7.11 | AC14: 11.98 | AD14: 14.22 | AE14: 10.32
A15: Medžiaga A 6% , medžiaga B 94% | B15: 3.78 | C15: 6.48 | D15: 7.4 | E15: 14.05 | F15: 12.87 | G15: 3.4 | H15: 6.86 | I15: 9.97 | J15: 12.27 | K15: 12.33 | L15: 2.92 | M15: 6.1 | N15: 7.47 | O15: 17.21 | P15: 9.83 | Q15: 3.82 | R15: 7.22 | S15: 10.22 | T15: 11.96 | U15: 12.29 | V15: 2.18 | W15: 5.33 | X15: 7 | Y15: 16.33 | Z15: 12.56 | AA15: 2.52 | AB15: 5.01 | AC15: 9.18 | AD15: 19.34 | AE15: 10.74
A16: Medžiaga A 7% , medžiaga B 93% | B16: 3.25 | C16: 6.72 | D16: 7.85 | E16: 11.25 | F16: 15.07 | G16: 2.75 | H16: 5.66 | I16: 10.6 | J16: 11.71 | K16: 14.32 | L16: 2.59 | M16: 5.75 | N16: 7.69 | O16: 14.44 | P16: 14.96 | Q16: 3.7 | R16: 5.58 | S16: 10.32 | T16: 11.63 | U16: 13.86 | V16: 3.93 | W16: 6.22 | X16: 10.97 | Y16: 11.58 | Z16: 13.76 | AA16: 3.18 | AB16: 6.27 | AC16: 8.71 | AD16: 18.05 | AE16: 12.83
A17: Medžiaga A 8% , medžiaga B 92% | B17: 2.09 | C17: 6.93 | D17: 11.32 | E17: 19.66 | F17: 12.33 | G17: 3.16 | H17: 5.45 | I17: 8.65 | J17: 14.85 | K17: 12.82 | L17: 2.48 | M17: 6.89 | N17: 8.24 | O17: 12.63 | P17: 10.14 | Q17: 2.41 | R17: 7.56 | S17: 11.03 | T17: 15.15 | U17: 9.35 | V17: 2.24 | W17: 5.28 | X17: 10.49 | Y17: 15.99 | Z17: 10.81 | AA17: 3.46 | AB17: 5.69 | AC17: 9.9 | AD17: 15.11 | AE17: 10
A18: Medžiaga A 9% , medžiaga B 91% | B18: 3.62 | C18: 5.49 | D18: 9.75 | E18: 19.27 | F18: 15.3 | G18: 2.14 | H18: 5.9 | I18: 7.14 | J18: 12.07 | K18: 15.17 | L18: 3.23 | M18: 6.59 | N18: 10.84 | O18: 12.07 | P18: 13.34 | Q18: 3.78 | R18: 6.92 | S18: 11.29 | T18: 19.16 | U18: 12.89 | V18: 3.86 | W18: 7.63 | X18: 11.44 | Y18: 11.66 | Z18: 15.82 | AA18: 3.29 | AB18: 7.74 | AC18: 7.88 | AD18: 19.47 | AE18: 11.07
A19: Medžiaga A 10% , medžiaga B 90% | B19: 2.85 | C19: 5.24 | D19: 7.14 | E19: 19.28 | F19: 11.95 | G19: 3.53 | H19: 7.22 | I19: 9.41 | J19: 14.83 | K19: 12.4 | L19: 3.37 | M19: 7.26 | N19: 10.49 | O19: 17.7 | P19: 11.98 | Q19: 2.79 | R19: 5.03 | S19: 8.9 | T19: 16.36 | U19: 11.07 | V19: 2.87 | W19: 5.9 | X19: 10.38 | Y19: 12.71 | Z19: 14.18 | AA19: 2.3 | AB19: 5.29 | AC19: 9.41 | AD19: 11.38 | AE19: 10.81
A20: Medžiaga A 11% , medžiaga B 89% | B20: 2.15 | C20: 6.09 | D20: 8.42 | E20: 12.47 | F20: 15.8 | G20: 2.01 | H20: 6.86 | I20: 10.81 | J20: 16.39 | K20: 12.71 | L20: 3.24 | M20: 6.35 | N20: 7.18 | O20: 19.29 | P20: 13.54 | Q20: 2.56 | R20: 7.13 | S20: 7.06 | T20: 16.07 | U20: 14.17 | V20: 2.25 | W20: 7.44 | X20: 11.74 | Y20: 12.03 | Z20: 14.18 | AA20: 3.41 | AB20: 6.07 | AC20: 8.53 | AD20: 16.13 | AE20: 15.75
A21: Medžiaga A 12% , medžiaga B 88% | B21: 2.21 | C21: 6.63 | D21: 9.51 | E21: 12.05 | F21: 11.43 | G21: 2.45 | H21: 7.06 | I21: 11.73 | J21: 19.15 | K21: 9.34 | L21: 3.79 | M21: 5.6 | N21: 11.53 | O21: 15.82 | P21: 14.77 | Q21: 3.98 | R21: 5.49 | S21: 7.31 | T21: 14.81 | U21: 11.12 | V21: 3.87 | W21: 5.75 | X21: 7.24 | Y21: 17.75 | Z21: 10.79 | AA21: 2.15 | AB21: 5.84 | AC21: 9.11 | AD21: 11.89 | AE21: 12.09
A22: Medžiaga A 13% , medžiaga B 87% | B22: 2.28 | C22: 6.3 | D22: 7.85 | E22: 18.25 | F22: 10.01 | G22: 3.54 | H22: 6.29 | I22: 10.47 | J22: 13.49 | K22: 14.48 | L22: 3.83 | M22: 5.02 | N22: 11.94 | O22: 14.63 | P22: 12.94 | Q22: 3.24 | R22: 7.13 | S22: 11.03 | T22: 16.31 | U22: 13.9 | V22: 2.76 | W22: 7.16 | X22: 9.08 | Y22: 17.5 | Z22: 14.53 | AA22: 2.2 | AB22: 7.6 | AC22: 8.41 | AD22: 11.55 | AE22: 9.93
A23: Medžiaga A 14% , medžiaga B 86% | B23: 2.08 | C23: 6.87 | D23: 11.28 | E23: 18.66 | F23: 11.09 | G23: 2.93 | H23: 6.46 | I23: 8.33 | J23: 19.93 | K23: 14.26 | L23: 3.28 | M23: 6.45 | N23: 10.65 | O23: 19.42 | P23: 12.39 | Q23: 3.27 | R23: 7.24 | S23: 10.07 | T23: 18.51 | U23: 10.32 | V23: 3.69 | W23: 6.21 | X23: 9.85 | Y23: 17.6 | Z23: 10.64 | AA23: 2.04 | AB23: 7 | AC23: 9.41 | AD23: 12.83 | AE23: 15.15
A24: Medžiaga A 15% , medžiaga B 85% | B24: 3.04 | C24: 7.63 | D24: 8.67 | E24: 16.49 | F24: 10.56 | G24: 2.08 | H24: 7.51 | I24: 7.86 | J24: 14.74 | K24: 12.36 | L24: 3.11 | M24: 5.18 | N24: 8.77 | O24: 15.33 | P24: 12.16 | Q24: 2.6 | R24: 7.47 | S24: 8.76 | T24: 11.91 | U24: 15.37 | V24: 3.93 | W24: 5.82 | X24: 8.04 | Y24: 11.17 | Z24: 13.86 | AA24: 3.15 | AB24: 7.75 | AC24: 8.66 | AD24: 13.77 | AE24: 11.02
... A104: Medžiaga A 95% , medžiaga B 5% | B104: 3.23 | C104: 6.33 | D104: 7.62 | E104: 11.23 | F104: 12.33 | G104: 2.77 | H104: 7.29 | I104: 11.6 | J104: 11.52 | K104: 13.15 | L104: 2.29 | M104: 5.55 | N104: 7.18 | O104: 18.45 | P104: 13.27 | Q104: 3.97 | R104: 5.28 | S104: 11.6 | T104: 19.69 | U104: 11.29 | V104: 3.51 | W104: 6.5 | X104: 10.49 | Y104: 18.62 | Z104: 14.11 | AA104: 2.77 | AB104: 7.74 | AC104: 11.25 | AD104: 12.47 | AE104: 10.23

Sheet U21_3
A1: U21_3 | B1: Spausdinimas MS Excel aplinkoje.
A3: Reikia prijungti šios lentelės fragmentą prie 16B_UZD lape esančio paruošto spausdinti dokumento.
B7: FINANSINIO LIZINGO SKAIČIUOKLĖ
G8: Data | H8: 43708
A9: Klientas
A11: Turtas
A13: Turto pirkimo kaina | C13: 1000000 | D13: EUR | F13: Turto tipas | G13: Nekomercinis
G14: 0 | H14: 0
A15: Nuosavų lėšų dalis | C15: 0.2 | F15: Finansuojama dalis | G15: 0.8
A17: Nuosavos lėšos | C17: 200000 | D17: EUR | F17: Finansuojama suma | G17: 800000 | H17: EUR
A19: Lizingo terminas | C19: 360 | D19: mėn. | F19: Likutinė vertė | G19: 0
F21: Likutinė suma | G21: 0 | H21: EUR
A22: Palūkanų norma | C22: 0.24
A24: Administracinio mokesčio dalis | D24: 0.03 | E24: Administracinis mokestis | G24: 30000 | H24: EUR
A26: Anuitetinė mėn. įmoka: | D26: 16012.835 | F26: EUR
A28: Įmokos eilės nr. | B28: Mokėjimo data | D28: Neapmokėta bendra lizingo suma, EUR | F28: Grąžinama bendros lizingo sumos dalis, EUR | G28: Palūkanos, EUR | H28: IŠ VISO, EUR
A29: 0 | B29: 43708 | D29: 1000000 | F29: 200000 | G29: 0 | H29: 200000
A30: 1 | B30: 43738 | D30: 800000 | F30: 12.835311 | G30: 16000 | H30: 16012.835
A31: 2 | B31: 43769 | D31: 799987.16 | F31: 13.092017 | G31: 15999.743 | H31: 16012.835
A32: 3 | B32: 43799 | D32: 799974.07 | F32: 13.353858 | G32: 15999.481 | H32: 16012.835
A33: 4 | B33: 43830 | D33: 799960.72 | F33: 13.620935 | G33: 15999.214 | H33: 16012.835
A34: 5 | B34: 43861 | D34: 799947.1 | F34: 13.893354 | G34: 15998.942 | H34: 16012.835
A35: 6 | B35: 43890 | D35: 799933.2 | F35: 14.171221 | G35: 15998.664 | H35: 16012.835
A36: 7 | B36: 43921 | D36: 799919.03 | F36: 14.454645 | G36: 15998.381 | H36: 16012.835
A37: 8 | B37: 43951 | D37: 799904.58 | F37: 14.743738 | G37: 15998.092 | H37: 16012.835
A38: 9 | B38: 43982 | D38: 799889.83 | F38: 15.038613 | G38: 15997.797 | H38: 16012.835
A39: 10 | B39: 44012 | D39: 799874.8 | F39: 15.339385 | G39: 15997.496 | H39: 16012.835
A40: 11 | B40: 44043 | D40: 799859.46 | F40: 15.646173 | G40: 15997.189 | H40: 16012.835
... A389: 360 | B389: 54666 | D389: 15698.858 | F389: 15698.858 | G389: 313.97716 | H389: 16012.835
A390: 1 | D390: IŠ VISO: | F390: 1000000 | G390: 4964620.7 | H390: 5964620.7
